State,},DC,ToCoda,DC.Coda,Coda,Fine,DC.Fine,Segno,DS.Fine,DS,DS.Coda,:|,{,[,],|:,bar,X,ts,bo,&,$,S,L,E,LEND,ND,
I0,.,.,.,.,.,.,.,.,.,.,.,.,s2,.,.,.,.,.,.,.,.,.,.,s1,.,s3,.,
I1,s4,s6,s7,.,.,s8,.,s9,.,.,.,s10,.,.,.,s11,s12,.,s13,s14,s15,.,.,.,s5,.,.,
I2,.,.,.,.,.,.,.,.,.,.,.,.,.,.,.,s17,s18,.,s19,s20,s21,.,.,.,s16,.,.,
I3,r0,r0,r0,.,.,r0,.,r0,.,.,.,r0,.,.,.,r0s23,r0s24,.,r0s25,r0s26,r0s27,.,.,.,s22,.,.,
I4,.,.,.,.,.,.,.,.,.,.,.,.,.,.,.,.,.,.,.,.,.,r0,.,.,.,.,.,
I5,s28,.,.,.,.,.,.,.,.,.,.,.,.,.,.,s11,s12,.,s13,s14,s15,.,.,.,s29,.,.,
I6,.,.,.,.,.,.,.,.,.,.,.,.,.,.,.,s11,s12,.,s13,s14,s15,.,.,.,s30,.,.,
I7,.,.,.,.,.,.,.,.,.,.,.,.,.,.,.,s32,s33,.,s34,s35,s36,.,.,.,s31,.,.,
I8,.,.,.,.,.,.,.,.,.,.,.,.,.,.,.,s38,s39,.,s40,s41,s42,.,.,.,s37,.,.,
I9,.,.,.,.,.,.,.,.,.,.,.,.,.,.,.,s44,s45,.,s46,s47,s48,.,.,.,s43,.,.,
I10,r0,r0,r0,.,.,r0,.,r0,.,.,.,r0,.,.,.,r0s23,r0s24,.,r0s25,r0s26,r0s27,.,.,.,s49,.,.,
I11,.,.,.,.,.,.,.,.,.,.,.,.,.,.,.,s51,s52,.,s53,s54,s55,.,.,.,s50,.,.,
I12,r0,.,.,.,.,.,.,.,.,.,.,.,.,.,.,r0,r0,s56,r0,r0,r0,.,.,.,.,.,.,
I13,r0,.,.,.,.,.,.,.,.,.,.,.,.,.,.,r0,r0,.,r0,r0,r0,.,.,.,.,.,.,
I14,r0,.,.,.,.,.,.,.,.,.,.,.,.,.,.,r0,r0,.,r0,r0,r0,.,.,.,.,.,.,
I15,r0,.,.,.,.,.,.,.,.,.,.,.,.,.,.,r0,r0,.,r0,r0,r0,.,.,.,.,.,.,
I16,r0,r0,r0,.,.,r0,.,r0,.,.,.,r0,.,s59,.,r0s17,r0s18,.,r0s19,r0s20,r0s21,.,.,.,s58,.,s57,
I17,.,.,.,.,.,.,.,.,.,.,.,.,.,.,.,s61,s62,.,s63,s64,s65,.,.,.,s60,.,.,
I18,r0,r0,r0,.,.,r0,.,r0,.,.,.,r0,.,r0,.,r0,r0,s66,r0,r0,r0,.,.,.,.,.,.,
I19,r0,r0,r0,.,.,r0,.,r0,.,.,.,r0,.,r0,.,r0,r0,.,r0,r0,r0,.,.,.,.,.,.,
I20,r0,r0,r0,.,.,r0,.,r0,.,.,.,r0,.,r0,.,r0,r0,.,r0,r0,r0,.,.,.,.,.,.,
I21,r0,r0,r0,.,.,r0,.,r0,.,.,.,r0,.,r0,.,r0,r0,.,r0,r0,r0,.,.,.,.,.,.,
I22,r0,r0,r0,.,.,r0,.,r0,.,.,.,r0,.,.,.,r0s23,r0s24,.,r0s25,r0s26,r0s27,.,.,.,s67,.,.,
I23,.,.,.,.,.,.,.,.,.,.,.,.,.,.,.,s61,s62,.,s63,s64,s65,.,.,.,s68,.,.,
I24,r0,r0,r0,.,.,r0,.,r0,.,.,.,r0,.,.,.,r0,r0,s69,r0,r0,r0,.,.,.,.,.,.,
I25,r0,r0,r0,.,.,r0,.,r0,.,.,.,r0,.,.,.,r0,r0,.,r0,r0,r0,.,.,.,.,.,.,
I26,r0,r0,r0,.,.,r0,.,r0,.,.,.,r0,.,.,.,r0,r0,.,r0,r0,r0,.,.,.,.,.,.,
I27,r0,r0,r0,.,.,r0,.,r0,.,.,.,r0,.,.,.,r0,r0,.,r0,r0,r0,.,.,.,.,.,.,
I28,.,.,.,.,.,.,.,.,.,.,.,.,.,.,.,.,.,.,.,.,.,r0,.,.,.,.,.,
I29,r0,.,.,.,.,.,.,.,.,.,.,.,.,.,.,r0s11,r0s12,.,r0s13,r0s14,r0s15,.,.,.,s29,.,.,
I30,s70,.,.,.,.,.,.,.,.,.,.,.,.,.,.,s11,s12,.,s13,s14,s15,.,.,.,s29,.,.,
I31,.,.,.,s71,.,.,.,.,.,.,.,.,.,.,.,s32,s33,.,s34,s35,s36,.,.,.,s72,.,.,
I32,.,.,.,.,.,.,.,.,.,.,.,.,.,.,.,s74,s75,.,s76,s77,s78,.,.,.,s73,.,.,
I33,.,.,.,r0,.,.,.,.,.,.,.,.,.,.,.,r0,r0,s79,r0,r0,r0,.,.,.,.,.,.,
I34,.,.,.,r0,.,.,.,.,.,.,.,.,.,.,.,r0,r0,.,r0,r0,r0,.,.,.,.,.,.,
I35,.,.,.,r0,.,.,.,.,.,.,.,.,.,.,.,r0,r0,.,r0,r0,r0,.,.,.,.,.,.,
I36,.,.,.,r0,.,.,.,.,.,.,.,.,.,.,.,r0,r0,.,r0,r0,r0,.,.,.,.,.,.,
I37,.,.,.,.,.,.,s80,.,.,.,.,.,.,.,.,s38,s39,.,s40,s41,s42,.,.,.,s81,.,.,
I38,.,.,.,.,.,.,.,.,.,.,.,.,.,.,.,s83,s84,.,s85,s86,s87,.,.,.,s82,.,.,
I39,.,.,.,.,.,.,r0,.,.,.,.,.,.,.,.,r0,r0,s88,r0,r0,r0,.,.,.,.,.,.,
I40,.,.,.,.,.,.,r0,.,.,.,.,.,.,.,.,r0,r0,.,r0,r0,r0,.,.,.,.,.,.,
I41,.,.,.,.,.,.,r0,.,.,.,.,.,.,.,.,r0,r0,.,r0,r0,r0,.,.,.,.,.,.,
I42,.,.,.,.,.,.,r0,.,.,.,.,.,.,.,.,r0,r0,.,r0,r0,r0,.,.,.,.,.,.,
I43,.,.,s91,.,.,s89,.,.,.,s90,.,.,.,.,.,s44,s45,.,s46,s47,s48,.,.,.,s92,.,.,
I44,.,.,.,.,.,.,.,.,.,.,.,.,.,.,.,s94,s95,.,s96,s97,s98,.,.,.,s93,.,.,
I45,.,.,r0,.,.,r0,.,.,.,r0,.,.,.,.,.,r0,r0,s99,r0,r0,r0,.,.,.,.,.,.,
I46,.,.,r0,.,.,r0,.,.,.,r0,.,.,.,.,.,r0,r0,.,r0,r0,r0,.,.,.,.,.,.,
I47,.,.,r0,.,.,r0,.,.,.,r0,.,.,.,.,.,r0,r0,.,r0,r0,r0,.,.,.,.,.,.,
I48,.,.,r0,.,.,r0,.,.,.,r0,.,.,.,.,.,r0,r0,.,r0,r0,r0,.,.,.,.,.,.,
I49,r0,r0,r0,.,.,r0,.,r0,.,.,.,r0,.,.,.,r0s23,r0s24,.,r0s25,r0s26,r0s27,.,.,.,s67,.,.,
I50,.,.,.,.,.,.,.,.,.,.,.,s100,.,s103,.,s51,s52,.,s53,s54,s55,.,.,.,s102,.,s101,
I51,.,.,.,.,.,.,.,.,.,.,.,.,.,.,.,s51,s52,.,s53,s54,s55,.,.,.,s104,.,.,
I52,r0,.,.,.,.,.,.,.,.,.,.,r0,.,r0,.,r0,r0,s105,r0,r0,r0,.,.,.,.,.,.,
I53,r0,.,.,.,.,.,.,.,.,.,.,r0,.,r0,.,r0,r0,.,r0,r0,r0,.,.,.,.,.,.,
I54,r0,.,.,.,.,.,.,.,.,.,.,r0,.,r0,.,r0,r0,.,r0,r0,r0,.,.,.,.,.,.,
I55,r0,.,.,.,.,.,.,.,.,.,.,r0,.,r0,.,r0,r0,.,r0,r0,r0,.,.,.,.,.,.,
I56,r0,.,.,.,.,.,.,.,.,.,.,.,.,.,.,r0,r0,.,r0,r0,r0,.,.,.,.,.,.,
I57,.,.,.,.,.,.,.,.,.,.,.,.,.,s106,.,.,.,.,.,.,.,.,.,.,.,.,.,
I58,r0,r0,r0,.,.,r0,.,r0,.,.,.,r0,.,r0,.,r0s17,r0s18,.,r0s19,r0s20,r0s21,.,.,.,s58,.,.,
I59,.,.,.,.,.,.,.,.,.,.,.,.,.,.,.,s108,s109,.,s110,s111,s112,.,.,.,s107,.,.,
I60,.,.,.,.,.,.,.,.,.,.,.,s113,.,s116,.,s61,s62,.,s63,s64,s65,.,.,.,s115,.,s114,
I61,.,.,.,.,.,.,.,.,.,.,.,.,.,.,.,s61,s62,.,s63,s64,s65,.,.,.,s117,.,.,
I62,r0,r0,r0,.,.,r0,.,r0,.,.,.,r0,.,r0,.,r0,r0,s118,r0,r0,r0,.,.,.,.,.,.,
I63,r0,r0,r0,.,.,r0,.,r0,.,.,.,r0,.,r0,.,r0,r0,.,r0,r0,r0,.,.,.,.,.,.,
I64,r0,r0,r0,.,.,r0,.,r0,.,.,.,r0,.,r0,.,r0,r0,.,r0,r0,r0,.,.,.,.,.,.,
I65,r0,r0,r0,.,.,r0,.,r0,.,.,.,r0,.,r0,.,r0,r0,.,r0,r0,r0,.,.,.,.,.,.,
I66,r0,r0,r0,.,.,r0,.,r0,.,.,.,r0,.,r0,.,r0,r0,.,r0,r0,r0,.,.,.,.,.,.,
I67,r0,r0,r0,.,.,r0,.,r0,.,.,.,r0,.,.,.,r0s23,r0s24,.,r0s25,r0s26,r0s27,.,.,.,s67,.,.,
I68,.,.,.,.,.,.,.,.,.,.,.,s119,.,s116,.,s61,s62,.,s63,s64,s65,.,.,.,s115,.,s120,
I69,r0,r0,r0,.,.,r0,.,r0,.,.,.,r0,.,.,.,r0,r0,.,r0,r0,r0,.,.,.,.,.,.,
I70,.,.,.,.,.,.,.,.,.,.,.,.,.,.,.,.,.,.,.,.,.,r0,.,.,.,.,.,
I71,.,.,.,.,s121,.,.,.,.,.,.,.,.,.,.,.,.,.,.,.,.,.,.,.,.,.,.,
I72,.,.,.,r0,.,.,.,.,.,.,.,.,.,.,.,r0s32,r0s33,.,r0s34,r0s35,r0s36,.,.,.,s72,.,.,
I73,.,.,.,.,.,.,.,.,.,.,.,s122,.,s125,.,s74,s75,.,s76,s77,s78,.,.,.,s124,.,s123,
I74,.,.,.,.,.,.,.,.,.,.,.,.,.,.,.,s74,s75,.,s76,s77,s78,.,.,.,s126,.,.,
I75,.,.,.,r0,.,.,.,.,.,.,.,r0,.,r0,.,r0,r0,s127,r0,r0,r0,.,.,.,.,.,.,
I76,.,.,.,r0,.,.,.,.,.,.,.,r0,.,r0,.,r0,r0,.,r0,r0,r0,.,.,.,.,.,.,
I77,.,.,.,r0,.,.,.,.,.,.,.,r0,.,r0,.,r0,r0,.,r0,r0,r0,.,.,.,.,.,.,
I78,.,.,.,r0,.,.,.,.,.,.,.,r0,.,r0,.,r0,r0,.,r0,r0,r0,.,.,.,.,.,.,
I79,.,.,.,r0,.,.,.,.,.,.,.,.,.,.,.,r0,r0,.,r0,r0,r0,.,.,.,.,.,.,
I80,s128,.,.,.,.,.,.,.,.,.,.,.,.,.,.,.,.,.,.,.,.,.,.,.,.,.,.,
I81,.,.,.,.,.,.,r0,.,.,.,.,.,.,.,.,r0s38,r0s39,.,r0s40,r0s41,r0s42,.,.,.,s81,.,.,
I82,.,.,.,.,.,.,.,.,.,.,.,s129,.,s132,.,s83,s84,.,s85,s86,s87,.,.,.,s131,.,s130,
I83,.,.,.,.,.,.,.,.,.,.,.,.,.,.,.,s83,s84,.,s85,s86,s87,.,.,.,s133,.,.,
I84,.,.,.,.,.,.,r0,.,.,.,.,r0,.,r0,.,r0,r0,s134,r0,r0,r0,.,.,.,.,.,.,
I85,.,.,.,.,.,.,r0,.,.,.,.,r0,.,r0,.,r0,r0,.,r0,r0,r0,.,.,.,.,.,.,
I86,.,.,.,.,.,.,r0,.,.,.,.,r0,.,r0,.,r0,r0,.,r0,r0,r0,.,.,.,.,.,.,
I87,.,.,.,.,.,.,r0,.,.,.,.,r0,.,r0,.,r0,r0,.,r0,r0,r0,.,.,.,.,.,.,
I88,.,.,.,.,.,.,r0,.,.,.,.,.,.,.,.,r0,r0,.,r0,r0,r0,.,.,.,.,.,.,
I89,.,.,.,.,.,.,.,.,.,.,.,.,.,.,.,s136,s137,.,s138,s139,s140,.,.,.,s135,.,.,
I90,.,.,.,.,.,.,.,.,.,.,.,.,.,.,.,s11,s12,.,s13,s14,s15,.,.,.,s141,.,.,
I91,.,.,.,.,.,.,.,.,.,.,.,.,.,.,.,s143,s144,.,s145,s146,s147,.,.,.,s142,.,.,
I92,.,.,r0,.,.,r0,.,.,.,r0,.,.,.,.,.,r0s44,r0s45,.,r0s46,r0s47,r0s48,.,.,.,s92,.,.,
I93,.,.,.,.,.,.,.,.,.,.,.,s148,.,s151,.,s94,s95,.,s96,s97,s98,.,.,.,s150,.,s149,
I94,.,.,.,.,.,.,.,.,.,.,.,.,.,.,.,s94,s95,.,s96,s97,s98,.,.,.,s152,.,.,
I95,.,.,r0,.,.,r0,.,.,.,r0,.,r0,.,r0,.,r0,r0,s153,r0,r0,r0,.,.,.,.,.,.,
I96,.,.,r0,.,.,r0,.,.,.,r0,.,r0,.,r0,.,r0,r0,.,r0,r0,r0,.,.,.,.,.,.,
I97,.,.,r0,.,.,r0,.,.,.,r0,.,r0,.,r0,.,r0,r0,.,r0,r0,r0,.,.,.,.,.,.,
I98,.,.,r0,.,.,r0,.,.,.,r0,.,r0,.,r0,.,r0,r0,.,r0,r0,r0,.,.,.,.,.,.,
I99,.,.,r0,.,.,r0,.,.,.,r0,.,.,.,.,.,r0,r0,.,r0,r0,r0,.,.,.,.,.,.,
I100,r0,.,.,.,.,.,.,.,.,.,.,.,.,.,.,r0,r0,.,r0,r0,r0,.,.,.,.,.,.,
I101,.,.,.,.,.,.,.,.,.,.,.,.,.,s154,.,.,.,.,.,.,.,.,.,.,.,.,.,
I102,r0,.,.,.,.,.,.,.,.,.,.,r0,.,r0,.,r0s51,r0s52,.,r0s53,r0s54,r0s55,.,.,.,s102,.,.,
I103,.,.,.,.,.,.,.,.,.,.,.,.,.,.,.,s156,s157,.,s158,s159,s160,.,.,.,s155,.,.,
I104,.,.,.,.,.,.,.,.,.,.,.,s161,.,s163,.,s51,s52,.,s53,s54,s55,.,.,.,s102,.,s162,
I105,r0,.,.,.,.,.,.,.,.,.,.,r0,.,r0,.,r0,r0,.,r0,r0,r0,.,.,.,.,.,.,
I106,.,.,.,.,.,.,.,.,.,.,.,.,.,.,.,s165,s166,.,s167,s168,s169,.,.,.,s164,.,.,
I107,.,.,.,.,.,.,.,.,.,.,.,s170,.,.,.,s108,s109,.,s110,s111,s112,.,.,.,s171,.,.,
I108,.,.,.,.,.,.,.,.,.,.,.,.,.,.,.,s108,s109,.,s110,s111,s112,.,.,.,s172,.,.,
I109,r0,r0,r0,.,.,r0,.,r0,.,.,.,r0,.,r0,.,r0,r0,s173,r0,r0,r0,.,.,.,.,.,.,
I110,r0,r0,r0,.,.,r0,.,r0,.,.,.,r0,.,r0,.,r0,r0,.,r0,r0,r0,.,.,.,.,.,.,
I111,r0,r0,r0,.,.,r0,.,r0,.,.,.,r0,.,r0,.,r0,r0,.,r0,r0,r0,.,.,.,.,.,.,
I112,r0,r0,r0,.,.,r0,.,r0,.,.,.,r0,.,r0,.,r0,r0,.,r0,r0,r0,.,.,.,.,.,.,
I113,r0,r0,r0,.,.,r0,.,r0,.,.,.,r0,.,r0,.,r0,r0,.,r0,r0,r0,.,.,.,.,.,.,
I114,.,.,.,.,.,.,.,.,.,.,.,.,.,s174,.,.,.,.,.,.,.,.,.,.,.,.,.,
I115,r0,r0,r0,.,.,r0,.,r0,.,.,.,r0,.,r0,.,r0s61,r0s62,.,r0s63,r0s64,r0s65,.,.,.,s115,.,.,
I116,.,.,.,.,.,.,.,.,.,.,.,.,.,.,.,s176,s177,.,s178,s179,s180,.,.,.,s175,.,.,
I117,.,.,.,.,.,.,.,.,.,.,.,s181,.,s183,.,s61,s62,.,s63,s64,s65,.,.,.,s115,.,s182,
I118,r0,r0,r0,.,.,r0,.,r0,.,.,.,r0,.,r0,.,r0,r0,.,r0,r0,r0,.,.,.,.,.,.,
I119,r0,r0,r0,.,.,r0,.,r0,.,.,.,r0,.,.,.,r0,r0,.,r0,r0,r0,.,.,.,.,.,.,
I120,.,.,.,.,.,.,.,.,.,.,.,.,.,s184,.,.,.,.,.,.,.,.,.,.,.,.,.,
I121,.,.,.,.,.,.,.,.,.,.,.,.,.,.,.,s11,s12,.,s13,s14,s15,.,.,.,s185,.,.,
I122,.,.,.,r0,.,.,.,.,.,.,.,.,.,.,.,r0,r0,.,r0,r0,r0,.,.,.,.,.,.,
I123,.,.,.,.,.,.,.,.,.,.,.,.,.,s186,.,.,.,.,.,.,.,.,.,.,.,.,.,
I124,.,.,.,r0,.,.,.,.,.,.,.,r0,.,r0,.,r0s74,r0s75,.,r0s76,r0s77,r0s78,.,.,.,s124,.,.,
I125,.,.,.,.,.,.,.,.,.,.,.,.,.,.,.,s188,s189,.,s190,s191,s192,.,.,.,s187,.,.,
I126,.,.,.,.,.,.,.,.,.,.,.,s193,.,s195,.,s74,s75,.,s76,s77,s78,.,.,.,s124,.,s194,
I127,.,.,.,r0,.,.,.,.,.,.,.,r0,.,r0,.,r0,r0,.,r0,r0,r0,.,.,.,.,.,.,
I128,.,.,.,.,.,.,.,.,.,.,.,.,.,.,.,.,.,.,.,.,.,r0,.,.,.,.,.,
I129,.,.,.,.,.,.,r0,.,.,.,.,.,.,.,.,r0,r0,.,r0,r0,r0,.,.,.,.,.,.,
I130,.,.,.,.,.,.,.,.,.,.,.,.,.,s196,.,.,.,.,.,.,.,.,.,.,.,.,.,
I131,.,.,.,.,.,.,r0,.,.,.,.,r0,.,r0,.,r0s83,r0s84,.,r0s85,r0s86,r0s87,.,.,.,s131,.,.,
I132,.,.,.,.,.,.,.,.,.,.,.,.,.,.,.,s198,s199,.,s200,s201,s202,.,.,.,s197,.,.,
I133,.,.,.,.,.,.,.,.,.,.,.,s203,.,s205,.,s83,s84,.,s85,s86,s87,.,.,.,s131,.,s204,
I134,.,.,.,.,.,.,r0,.,.,.,.,r0,.,r0,.,r0,r0,.,r0,r0,r0,.,.,.,.,.,.,
I135,.,.,.,.,.,.,.,.,s206,.,.,.,.,.,.,s136,s137,.,s138,s139,s140,.,.,.,s207,.,.,
I136,.,.,.,.,.,.,.,.,.,.,.,.,.,.,.,s209,s210,.,s211,s212,s213,.,.,.,s208,.,.,
I137,.,.,.,.,.,.,.,.,r0,.,.,.,.,.,.,r0,r0,s214,r0,r0,r0,.,.,.,.,.,.,
I138,.,.,.,.,.,.,.,.,r0,.,.,.,.,.,.,r0,r0,.,r0,r0,r0,.,.,.,.,.,.,
I139,.,.,.,.,.,.,.,.,r0,.,.,.,.,.,.,r0,r0,.,r0,r0,r0,.,.,.,.,.,.,
I140,.,.,.,.,.,.,.,.,r0,.,.,.,.,.,.,r0,r0,.,r0,r0,r0,.,.,.,.,.,.,
I141,s215,.,.,.,.,.,.,.,.,.,.,.,.,.,.,s11,s12,.,s13,s14,s15,.,.,.,s29,.,.,
I142,.,.,.,.,.,.,.,.,.,.,s216,.,.,.,.,s143,s144,.,s145,s146,s147,.,.,.,s217,.,.,
I143,.,.,.,.,.,.,.,.,.,.,.,.,.,.,.,s219,s220,.,s221,s222,s223,.,.,.,s218,.,.,
I144,.,.,.,.,.,.,.,.,.,.,r0,.,.,.,.,r0,r0,s224,r0,r0,r0,.,.,.,.,.,.,
I145,.,.,.,.,.,.,.,.,.,.,r0,.,.,.,.,r0,r0,.,r0,r0,r0,.,.,.,.,.,.,
I146,.,.,.,.,.,.,.,.,.,.,r0,.,.,.,.,r0,r0,.,r0,r0,r0,.,.,.,.,.,.,
I147,.,.,.,.,.,.,.,.,.,.,r0,.,.,.,.,r0,r0,.,r0,r0,r0,.,.,.,.,.,.,
I148,.,.,r0,.,.,r0,.,.,.,r0,.,.,.,.,.,r0,r0,.,r0,r0,r0,.,.,.,.,.,.,
I149,.,.,.,.,.,.,.,.,.,.,.,.,.,s225,.,.,.,.,.,.,.,.,.,.,.,.,.,
I150,.,.,r0,.,.,r0,.,.,.,r0,.,r0,.,r0,.,r0s94,r0s95,.,r0s96,r0s97,r0s98,.,.,.,s150,.,.,
I151,.,.,.,.,.,.,.,.,.,.,.,.,.,.,.,s227,s228,.,s229,s230,s231,.,.,.,s226,.,.,
I152,.,.,.,.,.,.,.,.,.,.,.,s232,.,s234,.,s94,s95,.,s96,s97,s98,.,.,.,s150,.,s233,
I153,.,.,r0,.,.,r0,.,.,.,r0,.,r0,.,r0,.,r0,r0,.,r0,r0,r0,.,.,.,.,.,.,
I154,.,.,.,.,.,.,.,.,.,.,.,.,.,.,.,s236,s237,.,s238,s239,s240,.,.,.,s235,.,.,
I155,.,.,.,.,.,.,.,.,.,.,.,s241,.,.,.,s156,s157,.,s158,s159,s160,.,.,.,s242,.,.,
I156,.,.,.,.,.,.,.,.,.,.,.,.,.,.,.,s156,s157,.,s158,s159,s160,.,.,.,s243,.,.,
I157,r0,.,.,.,.,.,.,.,.,.,.,r0,.,r0,.,r0,r0,s244,r0,r0,r0,.,.,.,.,.,.,
I158,r0,.,.,.,.,.,.,.,.,.,.,r0,.,r0,.,r0,r0,.,r0,r0,r0,.,.,.,.,.,.,
I159,r0,.,.,.,.,.,.,.,.,.,.,r0,.,r0,.,r0,r0,.,r0,r0,r0,.,.,.,.,.,.,
I160,r0,.,.,.,.,.,.,.,.,.,.,r0,.,r0,.,r0,r0,.,r0,r0,r0,.,.,.,.,.,.,
I161,r0,.,.,.,.,.,.,.,.,.,.,r0,.,r0,.,r0,r0,.,r0,r0,r0,.,.,.,.,.,.,
I162,.,.,.,.,.,.,.,.,.,.,.,.,.,s245,.,.,.,.,.,.,.,.,.,.,.,.,.,
I163,.,.,.,.,.,.,.,.,.,.,.,.,.,.,.,s156,s157,.,s158,s159,s160,.,.,.,s246,.,.,
I164,.,.,.,.,.,.,.,.,.,.,.,s248,.,.,s247,s165,s166,.,s167,s168,s169,.,.,.,s249,.,.,
I165,.,.,.,.,.,.,.,.,.,.,.,.,.,.,.,s251,s252,.,s253,s254,s255,.,.,.,s250,.,.,
I166,r0,r0,r0,.,.,r0,.,r0,.,.,.,r0,.,r0,r0,r0,r0,s256,r0,r0,r0,.,.,.,.,.,.,
I167,r0,r0,r0,.,.,r0,.,r0,.,.,.,r0,.,r0,r0,r0,r0,.,r0,r0,r0,.,.,.,.,.,.,
I168,r0,r0,r0,.,.,r0,.,r0,.,.,.,r0,.,r0,r0,r0,r0,.,r0,r0,r0,.,.,.,.,.,.,
I169,r0,r0,r0,.,.,r0,.,r0,.,.,.,r0,.,r0,r0,r0,r0,.,r0,r0,r0,.,.,.,.,.,.,
I170,r0,r0,r0,.,.,r0,.,r0,.,.,.,r0,.,r0,.,r0,r0,.,r0,r0,r0,.,.,.,.,.,.,
I171,r0,r0,r0,.,.,r0,.,r0,.,.,.,r0,.,r0,.,r0s108,r0s109,.,r0s110,r0s111,r0s112,.,.,.,s171,.,.,
I172,.,.,.,.,.,.,.,.,.,.,.,s257,.,s259,.,s108,s109,.,s110,s111,s112,.,.,.,s171,.,s258,
I173,r0,r0,r0,.,.,r0,.,r0,.,.,.,r0,.,r0,.,r0,r0,.,r0,r0,r0,.,.,.,.,.,.,
I174,.,.,.,.,.,.,.,.,.,.,.,.,.,.,.,s261,s262,.,s263,s264,s265,.,.,.,s260,.,.,
I175,.,.,.,.,.,.,.,.,.,.,.,s266,.,.,.,s176,s177,.,s178,s179,s180,.,.,.,s267,.,.,
I176,.,.,.,.,.,.,.,.,.,.,.,.,.,.,.,s176,s177,.,s178,s179,s180,.,.,.,s268,.,.,
I177,r0,r0,r0,.,.,r0,.,r0,.,.,.,r0,.,r0,.,r0,r0,s269,r0,r0,r0,.,.,.,.,.,.,
I178,r0,r0,r0,.,.,r0,.,r0,.,.,.,r0,.,r0,.,r0,r0,.,r0,r0,r0,.,.,.,.,.,.,
I179,r0,r0,r0,.,.,r0,.,r0,.,.,.,r0,.,r0,.,r0,r0,.,r0,r0,r0,.,.,.,.,.,.,
I180,r0,r0,r0,.,.,r0,.,r0,.,.,.,r0,.,r0,.,r0,r0,.,r0,r0,r0,.,.,.,.,.,.,
I181,r0,r0,r0,.,.,r0,.,r0,.,.,.,r0,.,r0,.,r0,r0,.,r0,r0,r0,.,.,.,.,.,.,
I182,.,.,.,.,.,.,.,.,.,.,.,.,.,s270,.,.,.,.,.,.,.,.,.,.,.,.,.,
I183,.,.,.,.,.,.,.,.,.,.,.,.,.,.,.,s176,s177,.,s178,s179,s180,.,.,.,s271,.,.,
I184,.,.,.,.,.,.,.,.,.,.,.,.,.,.,.,s261,s262,.,s263,s264,s265,.,.,.,s272,.,.,
I185,s273,.,.,.,.,.,.,.,.,.,.,.,.,.,.,s11,s12,.,s13,s14,s15,.,.,.,s29,.,.,
I186,.,.,.,.,.,.,.,.,.,.,.,.,.,.,.,s275,s276,.,s277,s278,s279,.,.,.,s274,.,.,
I187,.,.,.,.,.,.,.,.,.,.,.,s280,.,.,.,s188,s189,.,s190,s191,s192,.,.,.,s281,.,.,
I188,.,.,.,.,.,.,.,.,.,.,.,.,.,.,.,s188,s189,.,s190,s191,s192,.,.,.,s282,.,.,
I189,.,.,.,r0,.,.,.,.,.,.,.,r0,.,r0,.,r0,r0,s283,r0,r0,r0,.,.,.,.,.,.,
I190,.,.,.,r0,.,.,.,.,.,.,.,r0,.,r0,.,r0,r0,.,r0,r0,r0,.,.,.,.,.,.,
I191,.,.,.,r0,.,.,.,.,.,.,.,r0,.,r0,.,r0,r0,.,r0,r0,r0,.,.,.,.,.,.,
I192,.,.,.,r0,.,.,.,.,.,.,.,r0,.,r0,.,r0,r0,.,r0,r0,r0,.,.,.,.,.,.,
I193,.,.,.,r0,.,.,.,.,.,.,.,r0,.,r0,.,r0,r0,.,r0,r0,r0,.,.,.,.,.,.,
I194,.,.,.,.,.,.,.,.,.,.,.,.,.,s284,.,.,.,.,.,.,.,.,.,.,.,.,.,
I195,.,.,.,.,.,.,.,.,.,.,.,.,.,.,.,s188,s189,.,s190,s191,s192,.,.,.,s285,.,.,
I196,.,.,.,.,.,.,.,.,.,.,.,.,.,.,.,s287,s288,.,s289,s290,s291,.,.,.,s286,.,.,
I197,.,.,.,.,.,.,.,.,.,.,.,s292,.,.,.,s198,s199,.,s200,s201,s202,.,.,.,s293,.,.,
I198,.,.,.,.,.,.,.,.,.,.,.,.,.,.,.,s198,s199,.,s200,s201,s202,.,.,.,s294,.,.,
I199,.,.,.,.,.,.,r0,.,.,.,.,r0,.,r0,.,r0,r0,s295,r0,r0,r0,.,.,.,.,.,.,
I200,.,.,.,.,.,.,r0,.,.,.,.,r0,.,r0,.,r0,r0,.,r0,r0,r0,.,.,.,.,.,.,
I201,.,.,.,.,.,.,r0,.,.,.,.,r0,.,r0,.,r0,r0,.,r0,r0,r0,.,.,.,.,.,.,
I202,.,.,.,.,.,.,r0,.,.,.,.,r0,.,r0,.,r0,r0,.,r0,r0,r0,.,.,.,.,.,.,
I203,.,.,.,.,.,.,r0,.,.,.,.,r0,.,r0,.,r0,r0,.,r0,r0,r0,.,.,.,.,.,.,
I204,.,.,.,.,.,.,.,.,.,.,.,.,.,s296,.,.,.,.,.,.,.,.,.,.,.,.,.,
I205,.,.,.,.,.,.,.,.,.,.,.,.,.,.,.,s198,s199,.,s200,s201,s202,.,.,.,s297,.,.,
I206,s298,.,.,.,.,.,.,.,.,.,.,.,.,.,.,.,.,.,.,.,.,.,.,.,.,.,.,
I207,.,.,.,.,.,.,.,.,r0,.,.,.,.,.,.,r0s136,r0s137,.,r0s138,r0s139,r0s140,.,.,.,s207,.,.,
I208,.,.,.,.,.,.,.,.,.,.,.,s299,.,s302,.,s209,s210,.,s211,s212,s213,.,.,.,s301,.,s300,
I209,.,.,.,.,.,.,.,.,.,.,.,.,.,.,.,s209,s210,.,s211,s212,s213,.,.,.,s303,.,.,
I210,.,.,.,.,.,.,.,.,r0,.,.,r0,.,r0,.,r0,r0,s304,r0,r0,r0,.,.,.,.,.,.,
I211,.,.,.,.,.,.,.,.,r0,.,.,r0,.,r0,.,r0,r0,.,r0,r0,r0,.,.,.,.,.,.,
I212,.,.,.,.,.,.,.,.,r0,.,.,r0,.,r0,.,r0,r0,.,r0,r0,r0,.,.,.,.,.,.,
I213,.,.,.,.,.,.,.,.,r0,.,.,r0,.,r0,.,r0,r0,.,r0,r0,r0,.,.,.,.,.,.,
I214,.,.,.,.,.,.,.,.,r0,.,.,.,.,.,.,r0,r0,.,r0,r0,r0,.,.,.,.,.,.,
I215,.,.,.,.,.,.,.,.,.,.,.,.,.,.,.,.,.,.,.,.,.,r0,.,.,.,.,.,
I216,.,.,.,.,s305,.,.,.,.,.,.,.,.,.,.,.,.,.,.,.,.,.,.,.,.,.,.,
I217,.,.,.,.,.,.,.,.,.,.,r0,.,.,.,.,r0s143,r0s144,.,r0s145,r0s146,r0s147,.,.,.,s217,.,.,
I218,.,.,.,.,.,.,.,.,.,.,.,s306,.,s309,.,s219,s220,.,s221,s222,s223,.,.,.,s308,.,s307,
I219,.,.,.,.,.,.,.,.,.,.,.,.,.,.,.,s219,s220,.,s221,s222,s223,.,.,.,s310,.,.,
I220,.,.,.,.,.,.,.,.,.,.,r0,r0,.,r0,.,r0,r0,s311,r0,r0,r0,.,.,.,.,.,.,
I221,.,.,.,.,.,.,.,.,.,.,r0,r0,.,r0,.,r0,r0,.,r0,r0,r0,.,.,.,.,.,.,
I222,.,.,.,.,.,.,.,.,.,.,r0,r0,.,r0,.,r0,r0,.,r0,r0,r0,.,.,.,.,.,.,
I223,.,.,.,.,.,.,.,.,.,.,r0,r0,.,r0,.,r0,r0,.,r0,r0,r0,.,.,.,.,.,.,
I224,.,.,.,.,.,.,.,.,.,.,r0,.,.,.,.,r0,r0,.,r0,r0,r0,.,.,.,.,.,.,
I225,.,.,.,.,.,.,.,.,.,.,.,.,.,.,.,s313,s314,.,s315,s316,s317,.,.,.,s312,.,.,
I226,.,.,.,.,.,.,.,.,.,.,.,s318,.,.,.,s227,s228,.,s229,s230,s231,.,.,.,s319,.,.,
I227,.,.,.,.,.,.,.,.,.,.,.,.,.,.,.,s227,s228,.,s229,s230,s231,.,.,.,s320,.,.,
I228,.,.,r0,.,.,r0,.,.,.,r0,.,r0,.,r0,.,r0,r0,s321,r0,r0,r0,.,.,.,.,.,.,
I229,.,.,r0,.,.,r0,.,.,.,r0,.,r0,.,r0,.,r0,r0,.,r0,r0,r0,.,.,.,.,.,.,
I230,.,.,r0,.,.,r0,.,.,.,r0,.,r0,.,r0,.,r0,r0,.,r0,r0,r0,.,.,.,.,.,.,
I231,.,.,r0,.,.,r0,.,.,.,r0,.,r0,.,r0,.,r0,r0,.,r0,r0,r0,.,.,.,.,.,.,
I232,.,.,r0,.,.,r0,.,.,.,r0,.,r0,.,r0,.,r0,r0,.,r0,r0,r0,.,.,.,.,.,.,
I233,.,.,.,.,.,.,.,.,.,.,.,.,.,s322,.,.,.,.,.,.,.,.,.,.,.,.,.,
I234,.,.,.,.,.,.,.,.,.,.,.,.,.,.,.,s227,s228,.,s229,s230,s231,.,.,.,s323,.,.,
I235,.,.,.,.,.,.,.,.,.,.,.,s325,.,.,s324,s236,s237,.,s238,s239,s240,.,.,.,s326,.,.,
I236,.,.,.,.,.,.,.,.,.,.,.,.,.,.,.,s328,s329,.,s330,s331,s332,.,.,.,s327,.,.,
I237,r0,.,.,.,.,.,.,.,.,.,.,r0,.,r0,r0,r0,r0,s333,r0,r0,r0,.,.,.,.,.,.,
I238,r0,.,.,.,.,.,.,.,.,.,.,r0,.,r0,r0,r0,r0,.,r0,r0,r0,.,.,.,.,.,.,
I239,r0,.,.,.,.,.,.,.,.,.,.,r0,.,r0,r0,r0,r0,.,r0,r0,r0,.,.,.,.,.,.,
I240,r0,.,.,.,.,.,.,.,.,.,.,r0,.,r0,r0,r0,r0,.,r0,r0,r0,.,.,.,.,.,.,
I241,r0,.,.,.,.,.,.,.,.,.,.,.,.,r0,.,r0,r0,.,r0,r0,r0,.,.,.,.,.,.,
I242,r0,.,.,.,.,.,.,.,.,.,.,r0,.,r0,.,r0s156,r0s157,.,r0s158,r0s159,r0s160,.,.,.,s242,.,.,
I243,.,.,.,.,.,.,.,.,.,.,.,s334,.,s163,.,s156,s157,.,s158,s159,s160,.,.,.,s242,.,s335,
I244,r0,.,.,.,.,.,.,.,.,.,.,r0,.,r0,.,r0,r0,.,r0,r0,r0,.,.,.,.,.,.,
I245,.,.,.,.,.,.,.,.,.,.,.,.,.,.,.,s337,s338,.,s339,s340,s341,.,.,.,s336,.,.,
I246,.,.,.,.,.,.,.,.,.,.,.,s342,.,.,.,s156,s157,.,s158,s159,s160,.,.,.,s242,.,.,
I247,r0,r0,r0,.,.,r0,.,r0,.,.,.,r0,.,.,.,r0,r0,.,r0,r0,r0,.,.,.,.,.,.,
I248,r0,r0,r0,.,.,r0,.,r0,.,.,.,r0,.,r0,.,r0,r0,.,r0,r0,r0,.,.,.,.,.,.,
I249,r0,r0,r0,.,.,r0,.,r0,.,.,.,r0,.,r0,r0,r0s165,r0s166,.,r0s167,r0s168,r0s169,.,.,.,s249,.,.,
I250,.,.,.,.,.,.,.,.,.,.,.,s343,.,s346,.,s251,s252,.,s253,s254,s255,.,.,.,s345,.,s344,
I251,.,.,.,.,.,.,.,.,.,.,.,.,.,.,.,s251,s252,.,s253,s254,s255,.,.,.,s347,.,.,
I252,r0,r0,r0,.,.,r0,.,r0,.,.,.,r0,.,r0,r0,r0,r0,s348,r0,r0,r0,.,.,.,.,.,.,
I253,r0,r0,r0,.,.,r0,.,r0,.,.,.,r0,.,r0,r0,r0,r0,.,r0,r0,r0,.,.,.,.,.,.,
I254,r0,r0,r0,.,.,r0,.,r0,.,.,.,r0,.,r0,r0,r0,r0,.,r0,r0,r0,.,.,.,.,.,.,
I255,r0,r0,r0,.,.,r0,.,r0,.,.,.,r0,.,r0,r0,r0,r0,.,r0,r0,r0,.,.,.,.,.,.,
I256,r0,r0,r0,.,.,r0,.,r0,.,.,.,r0,.,r0,r0,r0,r0,.,r0,r0,r0,.,.,.,.,.,.,
I257,r0,r0,r0,.,.,r0,.,r0,.,.,.,r0,.,r0,.,r0,r0,.,r0,r0,r0,.,.,.,.,.,.,
I258,.,.,.,.,.,.,.,.,.,.,.,.,.,s349,.,.,.,.,.,.,.,.,.,.,.,.,.,
I259,.,.,.,.,.,.,.,.,.,.,.,.,.,.,.,s108,s109,.,s110,s111,s112,.,.,.,s350,.,.,
I260,.,.,.,.,.,.,.,.,.,.,.,s352,.,.,s351,s261,s262,.,s263,s264,s265,.,.,.,s353,.,.,
I261,.,.,.,.,.,.,.,.,.,.,.,.,.,.,.,s355,s356,.,s357,s358,s359,.,.,.,s354,.,.,
I262,r0,r0,r0,.,.,r0,.,r0,.,.,.,r0,.,r0,r0,r0,r0,s360,r0,r0,r0,.,.,.,.,.,.,
I263,r0,r0,r0,.,.,r0,.,r0,.,.,.,r0,.,r0,r0,r0,r0,.,r0,r0,r0,.,.,.,.,.,.,
I264,r0,r0,r0,.,.,r0,.,r0,.,.,.,r0,.,r0,r0,r0,r0,.,r0,r0,r0,.,.,.,.,.,.,
I265,r0,r0,r0,.,.,r0,.,r0,.,.,.,r0,.,r0,r0,r0,r0,.,r0,r0,r0,.,.,.,.,.,.,
I266,r0,r0,r0,.,.,r0,.,r0,.,.,.,r0,.,r0,.,r0,r0,.,r0,r0,r0,.,.,.,.,.,.,
I267,r0,r0,r0,.,.,r0,.,r0,.,.,.,r0,.,r0,.,r0s176,r0s177,.,r0s178,r0s179,r0s180,.,.,.,s267,.,.,
I268,.,.,.,.,.,.,.,.,.,.,.,s361,.,s183,.,s176,s177,.,s178,s179,s180,.,.,.,s267,.,s362,
I269,r0,r0,r0,.,.,r0,.,r0,.,.,.,r0,.,r0,.,r0,r0,.,r0,r0,r0,.,.,.,.,.,.,
I270,.,.,.,.,.,.,.,.,.,.,.,.,.,.,.,s364,s365,.,s366,s367,s368,.,.,.,s363,.,.,
I271,.,.,.,.,.,.,.,.,.,.,.,s369,.,.,.,s176,s177,.,s178,s179,s180,.,.,.,s267,.,.,
I272,.,.,.,.,.,.,.,.,.,.,.,s352,.,.,s370,s261,s262,.,s263,s264,s265,.,.,.,s353,.,.,
I273,.,.,.,.,.,.,.,.,.,.,.,.,.,.,.,.,.,.,.,.,.,r0,.,.,.,.,.,
I274,.,.,.,.,.,.,.,.,.,.,.,s372,.,.,s371,s275,s276,.,s277,s278,s279,.,.,.,s373,.,.,
I275,.,.,.,.,.,.,.,.,.,.,.,.,.,.,.,s375,s376,.,s377,s378,s379,.,.,.,s374,.,.,
I276,.,.,.,r0,.,.,.,.,.,.,.,r0,.,r0,r0,r0,r0,s380,r0,r0,r0,.,.,.,.,.,.,
I277,.,.,.,r0,.,.,.,.,.,.,.,r0,.,r0,r0,r0,r0,.,r0,r0,r0,.,.,.,.,.,.,
I278,.,.,.,r0,.,.,.,.,.,.,.,r0,.,r0,r0,r0,r0,.,r0,r0,r0,.,.,.,.,.,.,
I279,.,.,.,r0,.,.,.,.,.,.,.,r0,.,r0,r0,r0,r0,.,r0,r0,r0,.,.,.,.,.,.,
I280,.,.,.,r0,.,.,.,.,.,.,.,.,.,r0,.,r0,r0,.,r0,r0,r0,.,.,.,.,.,.,
I281,.,.,.,r0,.,.,.,.,.,.,.,r0,.,r0,.,r0s188,r0s189,.,r0s190,r0s191,r0s192,.,.,.,s281,.,.,
I282,.,.,.,.,.,.,.,.,.,.,.,s381,.,s195,.,s188,s189,.,s190,s191,s192,.,.,.,s281,.,s382,
I283,.,.,.,r0,.,.,.,.,.,.,.,r0,.,r0,.,r0,r0,.,r0,r0,r0,.,.,.,.,.,.,
I284,.,.,.,.,.,.,.,.,.,.,.,.,.,.,.,s384,s385,.,s386,s387,s388,.,.,.,s383,.,.,
I285,.,.,.,.,.,.,.,.,.,.,.,s389,.,.,.,s188,s189,.,s190,s191,s192,.,.,.,s281,.,.,
I286,.,.,.,.,.,.,.,.,.,.,.,s391,.,.,s390,s287,s288,.,s289,s290,s291,.,.,.,s392,.,.,
I287,.,.,.,.,.,.,.,.,.,.,.,.,.,.,.,s394,s395,.,s396,s397,s398,.,.,.,s393,.,.,
I288,.,.,.,.,.,.,r0,.,.,.,.,r0,.,r0,r0,r0,r0,s399,r0,r0,r0,.,.,.,.,.,.,
I289,.,.,.,.,.,.,r0,.,.,.,.,r0,.,r0,r0,r0,r0,.,r0,r0,r0,.,.,.,.,.,.,
I290,.,.,.,.,.,.,r0,.,.,.,.,r0,.,r0,r0,r0,r0,.,r0,r0,r0,.,.,.,.,.,.,
I291,.,.,.,.,.,.,r0,.,.,.,.,r0,.,r0,r0,r0,r0,.,r0,r0,r0,.,.,.,.,.,.,
I292,.,.,.,.,.,.,r0,.,.,.,.,.,.,r0,.,r0,r0,.,r0,r0,r0,.,.,.,.,.,.,
I293,.,.,.,.,.,.,r0,.,.,.,.,r0,.,r0,.,r0s198,r0s199,.,r0s200,r0s201,r0s202,.,.,.,s293,.,.,
I294,.,.,.,.,.,.,.,.,.,.,.,s400,.,s205,.,s198,s199,.,s200,s201,s202,.,.,.,s293,.,s401,
I295,.,.,.,.,.,.,r0,.,.,.,.,r0,.,r0,.,r0,r0,.,r0,r0,r0,.,.,.,.,.,.,
I296,.,.,.,.,.,.,.,.,.,.,.,.,.,.,.,s403,s404,.,s405,s406,s407,.,.,.,s402,.,.,
I297,.,.,.,.,.,.,.,.,.,.,.,s408,.,.,.,s198,s199,.,s200,s201,s202,.,.,.,s293,.,.,
I298,.,.,.,.,.,.,.,.,.,.,.,.,.,.,.,.,.,.,.,.,.,r0,.,.,.,.,.,
I299,.,.,.,.,.,.,.,.,r0,.,.,.,.,.,.,r0,r0,.,r0,r0,r0,.,.,.,.,.,.,
I300,.,.,.,.,.,.,.,.,.,.,.,.,.,s409,.,.,.,.,.,.,.,.,.,.,.,.,.,
I301,.,.,.,.,.,.,.,.,r0,.,.,r0,.,r0,.,r0s209,r0s210,.,r0s211,r0s212,r0s213,.,.,.,s301,.,.,
I302,.,.,.,.,.,.,.,.,.,.,.,.,.,.,.,s411,s412,.,s413,s414,s415,.,.,.,s410,.,.,
I303,.,.,.,.,.,.,.,.,.,.,.,s416,.,s418,.,s209,s210,.,s211,s212,s213,.,.,.,s301,.,s417,
I304,.,.,.,.,.,.,.,.,r0,.,.,r0,.,r0,.,r0,r0,.,r0,r0,r0,.,.,.,.,.,.,
I305,.,.,.,.,.,.,.,.,.,.,.,.,.,.,.,s11,s12,.,s13,s14,s15,.,.,.,s419,.,.,
I306,.,.,.,.,.,.,.,.,.,.,r0,.,.,.,.,r0,r0,.,r0,r0,r0,.,.,.,.,.,.,
I307,.,.,.,.,.,.,.,.,.,.,.,.,.,s420,.,.,.,.,.,.,.,.,.,.,.,.,.,
I308,.,.,.,.,.,.,.,.,.,.,r0,r0,.,r0,.,r0s219,r0s220,.,r0s221,r0s222,r0s223,.,.,.,s308,.,.,
I309,.,.,.,.,.,.,.,.,.,.,.,.,.,.,.,s422,s423,.,s424,s425,s426,.,.,.,s421,.,.,
I310,.,.,.,.,.,.,.,.,.,.,.,s427,.,s429,.,s219,s220,.,s221,s222,s223,.,.,.,s308,.,s428,
I311,.,.,.,.,.,.,.,.,.,.,r0,r0,.,r0,.,r0,r0,.,r0,r0,r0,.,.,.,.,.,.,
I312,.,.,.,.,.,.,.,.,.,.,.,s431,.,.,s430,s313,s314,.,s315,s316,s317,.,.,.,s432,.,.,
I313,.,.,.,.,.,.,.,.,.,.,.,.,.,.,.,s434,s435,.,s436,s437,s438,.,.,.,s433,.,.,
I314,.,.,r0,.,.,r0,.,.,.,r0,.,r0,.,r0,r0,r0,r0,s439,r0,r0,r0,.,.,.,.,.,.,
I315,.,.,r0,.,.,r0,.,.,.,r0,.,r0,.,r0,r0,r0,r0,.,r0,r0,r0,.,.,.,.,.,.,
I316,.,.,r0,.,.,r0,.,.,.,r0,.,r0,.,r0,r0,r0,r0,.,r0,r0,r0,.,.,.,.,.,.,
I317,.,.,r0,.,.,r0,.,.,.,r0,.,r0,.,r0,r0,r0,r0,.,r0,r0,r0,.,.,.,.,.,.,
I318,.,.,r0,.,.,r0,.,.,.,r0,.,.,.,r0,.,r0,r0,.,r0,r0,r0,.,.,.,.,.,.,
I319,.,.,r0,.,.,r0,.,.,.,r0,.,r0,.,r0,.,r0s227,r0s228,.,r0s229,r0s230,r0s231,.,.,.,s319,.,.,
I320,.,.,.,.,.,.,.,.,.,.,.,s440,.,s234,.,s227,s228,.,s229,s230,s231,.,.,.,s319,.,s441,
I321,.,.,r0,.,.,r0,.,.,.,r0,.,r0,.,r0,.,r0,r0,.,r0,r0,r0,.,.,.,.,.,.,
I322,.,.,.,.,.,.,.,.,.,.,.,.,.,.,.,s443,s444,.,s445,s446,s447,.,.,.,s442,.,.,
I323,.,.,.,.,.,.,.,.,.,.,.,s448,.,.,.,s227,s228,.,s229,s230,s231,.,.,.,s319,.,.,
I324,r0,.,.,.,.,.,.,.,.,.,.,.,.,.,.,r0,r0,.,r0,r0,r0,.,.,.,.,.,.,
I325,r0,.,.,.,.,.,.,.,.,.,.,.,.,r0,.,r0,r0,.,r0,r0,r0,.,.,.,.,.,.,
I326,r0,.,.,.,.,.,.,.,.,.,.,r0,.,r0,r0,r0s236,r0s237,.,r0s238,r0s239,r0s240,.,.,.,s326,.,.,
I327,.,.,.,.,.,.,.,.,.,.,.,s449,.,s452,.,s328,s329,.,s330,s331,s332,.,.,.,s451,.,s450,
I328,.,.,.,.,.,.,.,.,.,.,.,.,.,.,.,s328,s329,.,s330,s331,s332,.,.,.,s453,.,.,
I329,r0,.,.,.,.,.,.,.,.,.,.,r0,.,r0,r0,r0,r0,s454,r0,r0,r0,.,.,.,.,.,.,
I330,r0,.,.,.,.,.,.,.,.,.,.,r0,.,r0,r0,r0,r0,.,r0,r0,r0,.,.,.,.,.,.,
I331,r0,.,.,.,.,.,.,.,.,.,.,r0,.,r0,r0,r0,r0,.,r0,r0,r0,.,.,.,.,.,.,
I332,r0,.,.,.,.,.,.,.,.,.,.,r0,.,r0,r0,r0,r0,.,r0,r0,r0,.,.,.,.,.,.,
I333,r0,.,.,.,.,.,.,.,.,.,.,r0,.,r0,r0,r0,r0,.,r0,r0,r0,.,.,.,.,.,.,
I334,r0,.,.,.,.,.,.,.,.,.,.,r0,.,r0,.,r0,r0,.,r0,r0,r0,.,.,.,.,.,.,
I335,.,.,.,.,.,.,.,.,.,.,.,.,.,s455,.,.,.,.,.,.,.,.,.,.,.,.,.,
I336,.,.,.,.,.,.,.,.,.,.,.,s457,.,.,s456,s337,s338,.,s339,s340,s341,.,.,.,s458,.,.,
I337,.,.,.,.,.,.,.,.,.,.,.,.,.,.,.,s328,s329,.,s330,s331,s332,.,.,.,s459,.,.,
I338,r0,.,.,.,.,.,.,.,.,.,.,r0,.,r0,r0,r0,r0,s460,r0,r0,r0,.,.,.,.,.,.,
I339,r0,.,.,.,.,.,.,.,.,.,.,r0,.,r0,r0,r0,r0,.,r0,r0,r0,.,.,.,.,.,.,
I340,r0,.,.,.,.,.,.,.,.,.,.,r0,.,r0,r0,r0,r0,.,r0,r0,r0,.,.,.,.,.,.,
I341,r0,.,.,.,.,.,.,.,.,.,.,r0,.,r0,r0,r0,r0,.,r0,r0,r0,.,.,.,.,.,.,
I342,r0,.,.,.,.,.,.,.,.,.,.,r0,.,r0,.,r0,r0,.,r0,r0,r0,.,.,.,.,.,.,
I343,r0,r0,r0,.,.,r0,.,r0,.,.,.,r0,.,r0,r0,r0,r0,.,r0,r0,r0,.,.,.,.,.,.,
I344,.,.,.,.,.,.,.,.,.,.,.,.,.,s461,.,.,.,.,.,.,.,.,.,.,.,.,.,
I345,r0,r0,r0,.,.,r0,.,r0,.,.,.,r0,.,r0,r0,r0s251,r0s252,.,r0s253,r0s254,r0s255,.,.,.,s345,.,.,
I346,.,.,.,.,.,.,.,.,.,.,.,.,.,.,.,s463,s464,.,s465,s466,s467,.,.,.,s462,.,.,
I347,.,.,.,.,.,.,.,.,.,.,.,s468,.,s470,.,s251,s252,.,s253,s254,s255,.,.,.,s345,.,s469,
I348,r0,r0,r0,.,.,r0,.,r0,.,.,.,r0,.,r0,r0,r0,r0,.,r0,r0,r0,.,.,.,.,.,.,
I349,.,.,.,.,.,.,.,.,.,.,.,.,.,.,.,s472,s473,.,s474,s475,s476,.,.,.,s471,.,.,
I350,.,.,.,.,.,.,.,.,.,.,.,s477,.,.,.,s108,s109,.,s110,s111,s112,.,.,.,s171,.,.,
I351,r0,r0,r0,.,.,r0,.,r0,.,.,.,r0,.,r0,.,r0,r0,.,r0,r0,r0,.,.,.,.,.,.,
I352,r0,r0,r0,.,.,r0,.,r0,.,.,.,r0,.,r0,.,r0,r0,.,r0,r0,r0,.,.,.,.,.,.,
I353,r0,r0,r0,.,.,r0,.,r0,.,.,.,r0,.,r0,r0,r0s261,r0s262,.,r0s263,r0s264,r0s265,.,.,.,s353,.,.,
I354,.,.,.,.,.,.,.,.,.,.,.,s478,.,s481,.,s355,s356,.,s357,s358,s359,.,.,.,s480,.,s479,
I355,.,.,.,.,.,.,.,.,.,.,.,.,.,.,.,s355,s356,.,s357,s358,s359,.,.,.,s482,.,.,
I356,r0,r0,r0,.,.,r0,.,r0,.,.,.,r0,.,r0,r0,r0,r0,s483,r0,r0,r0,.,.,.,.,.,.,
I357,r0,r0,r0,.,.,r0,.,r0,.,.,.,r0,.,r0,r0,r0,r0,.,r0,r0,r0,.,.,.,.,.,.,
I358,r0,r0,r0,.,.,r0,.,r0,.,.,.,r0,.,r0,r0,r0,r0,.,r0,r0,r0,.,.,.,.,.,.,
I359,r0,r0,r0,.,.,r0,.,r0,.,.,.,r0,.,r0,r0,r0,r0,.,r0,r0,r0,.,.,.,.,.,.,
I360,r0,r0,r0,.,.,r0,.,r0,.,.,.,r0,.,r0,r0,r0,r0,.,r0,r0,r0,.,.,.,.,.,.,
I361,r0,r0,r0,.,.,r0,.,r0,.,.,.,r0,.,r0,.,r0,r0,.,r0,r0,r0,.,.,.,.,.,.,
I362,.,.,.,.,.,.,.,.,.,.,.,.,.,s484,.,.,.,.,.,.,.,.,.,.,.,.,.,
I363,.,.,.,.,.,.,.,.,.,.,.,s486,.,.,s485,s364,s365,.,s366,s367,s368,.,.,.,s487,.,.,
I364,.,.,.,.,.,.,.,.,.,.,.,.,.,.,.,s355,s356,.,s357,s358,s359,.,.,.,s488,.,.,
I365,r0,r0,r0,.,.,r0,.,r0,.,.,.,r0,.,r0,r0,r0,r0,s489,r0,r0,r0,.,.,.,.,.,.,
I366,r0,r0,r0,.,.,r0,.,r0,.,.,.,r0,.,r0,r0,r0,r0,.,r0,r0,r0,.,.,.,.,.,.,
I367,r0,r0,r0,.,.,r0,.,r0,.,.,.,r0,.,r0,r0,r0,r0,.,r0,r0,r0,.,.,.,.,.,.,
I368,r0,r0,r0,.,.,r0,.,r0,.,.,.,r0,.,r0,r0,r0,r0,.,r0,r0,r0,.,.,.,.,.,.,
I369,r0,r0,r0,.,.,r0,.,r0,.,.,.,r0,.,r0,.,r0,r0,.,r0,r0,r0,.,.,.,.,.,.,
I370,r0,r0,r0,.,.,r0,.,r0,.,.,.,r0,.,.,.,r0,r0,.,r0,r0,r0,.,.,.,.,.,.,
I371,.,.,.,r0,.,.,.,.,.,.,.,.,.,.,.,r0,r0,.,r0,r0,r0,.,.,.,.,.,.,
I372,.,.,.,r0,.,.,.,.,.,.,.,.,.,r0,.,r0,r0,.,r0,r0,r0,.,.,.,.,.,.,
I373,.,.,.,r0,.,.,.,.,.,.,.,r0,.,r0,r0,r0s275,r0s276,.,r0s277,r0s278,r0s279,.,.,.,s373,.,.,
I374,.,.,.,.,.,.,.,.,.,.,.,s490,.,s493,.,s375,s376,.,s377,s378,s379,.,.,.,s492,.,s491,
I375,.,.,.,.,.,.,.,.,.,.,.,.,.,.,.,s375,s376,.,s377,s378,s379,.,.,.,s494,.,.,
I376,.,.,.,r0,.,.,.,.,.,.,.,r0,.,r0,r0,r0,r0,s495,r0,r0,r0,.,.,.,.,.,.,
I377,.,.,.,r0,.,.,.,.,.,.,.,r0,.,r0,r0,r0,r0,.,r0,r0,r0,.,.,.,.,.,.,
I378,.,.,.,r0,.,.,.,.,.,.,.,r0,.,r0,r0,r0,r0,.,r0,r0,r0,.,.,.,.,.,.,
I379,.,.,.,r0,.,.,.,.,.,.,.,r0,.,r0,r0,r0,r0,.,r0,r0,r0,.,.,.,.,.,.,
I380,.,.,.,r0,.,.,.,.,.,.,.,r0,.,r0,r0,r0,r0,.,r0,r0,r0,.,.,.,.,.,.,
I381,.,.,.,r0,.,.,.,.,.,.,.,r0,.,r0,.,r0,r0,.,r0,r0,r0,.,.,.,.,.,.,
I382,.,.,.,.,.,.,.,.,.,.,.,.,.,s496,.,.,.,.,.,.,.,.,.,.,.,.,.,
I383,.,.,.,.,.,.,.,.,.,.,.,s498,.,.,s497,s384,s385,.,s386,s387,s388,.,.,.,s499,.,.,
I384,.,.,.,.,.,.,.,.,.,.,.,.,.,.,.,s375,s376,.,s377,s378,s379,.,.,.,s500,.,.,
I385,.,.,.,r0,.,.,.,.,.,.,.,r0,.,r0,r0,r0,r0,s501,r0,r0,r0,.,.,.,.,.,.,
I386,.,.,.,r0,.,.,.,.,.,.,.,r0,.,r0,r0,r0,r0,.,r0,r0,r0,.,.,.,.,.,.,
I387,.,.,.,r0,.,.,.,.,.,.,.,r0,.,r0,r0,r0,r0,.,r0,r0,r0,.,.,.,.,.,.,
I388,.,.,.,r0,.,.,.,.,.,.,.,r0,.,r0,r0,r0,r0,.,r0,r0,r0,.,.,.,.,.,.,
I389,.,.,.,r0,.,.,.,.,.,.,.,r0,.,r0,.,r0,r0,.,r0,r0,r0,.,.,.,.,.,.,
I390,.,.,.,.,.,.,r0,.,.,.,.,.,.,.,.,r0,r0,.,r0,r0,r0,.,.,.,.,.,.,
I391,.,.,.,.,.,.,r0,.,.,.,.,.,.,r0,.,r0,r0,.,r0,r0,r0,.,.,.,.,.,.,
I392,.,.,.,.,.,.,r0,.,.,.,.,r0,.,r0,r0,r0s287,r0s288,.,r0s289,r0s290,r0s291,.,.,.,s392,.,.,
I393,.,.,.,.,.,.,.,.,.,.,.,s502,.,s505,.,s394,s395,.,s396,s397,s398,.,.,.,s504,.,s503,
I394,.,.,.,.,.,.,.,.,.,.,.,.,.,.,.,s394,s395,.,s396,s397,s398,.,.,.,s506,.,.,
I395,.,.,.,.,.,.,r0,.,.,.,.,r0,.,r0,r0,r0,r0,s507,r0,r0,r0,.,.,.,.,.,.,
I396,.,.,.,.,.,.,r0,.,.,.,.,r0,.,r0,r0,r0,r0,.,r0,r0,r0,.,.,.,.,.,.,
I397,.,.,.,.,.,.,r0,.,.,.,.,r0,.,r0,r0,r0,r0,.,r0,r0,r0,.,.,.,.,.,.,
I398,.,.,.,.,.,.,r0,.,.,.,.,r0,.,r0,r0,r0,r0,.,r0,r0,r0,.,.,.,.,.,.,
I399,.,.,.,.,.,.,r0,.,.,.,.,r0,.,r0,r0,r0,r0,.,r0,r0,r0,.,.,.,.,.,.,
I400,.,.,.,.,.,.,r0,.,.,.,.,r0,.,r0,.,r0,r0,.,r0,r0,r0,.,.,.,.,.,.,
I401,.,.,.,.,.,.,.,.,.,.,.,.,.,s508,.,.,.,.,.,.,.,.,.,.,.,.,.,
I402,.,.,.,.,.,.,.,.,.,.,.,s510,.,.,s509,s403,s404,.,s405,s406,s407,.,.,.,s511,.,.,
I403,.,.,.,.,.,.,.,.,.,.,.,.,.,.,.,s394,s395,.,s396,s397,s398,.,.,.,s512,.,.,
I404,.,.,.,.,.,.,r0,.,.,.,.,r0,.,r0,r0,r0,r0,s513,r0,r0,r0,.,.,.,.,.,.,
I405,.,.,.,.,.,.,r0,.,.,.,.,r0,.,r0,r0,r0,r0,.,r0,r0,r0,.,.,.,.,.,.,
I406,.,.,.,.,.,.,r0,.,.,.,.,r0,.,r0,r0,r0,r0,.,r0,r0,r0,.,.,.,.,.,.,
I407,.,.,.,.,.,.,r0,.,.,.,.,r0,.,r0,r0,r0,r0,.,r0,r0,r0,.,.,.,.,.,.,
I408,.,.,.,.,.,.,r0,.,.,.,.,r0,.,r0,.,r0,r0,.,r0,r0,r0,.,.,.,.,.,.,
I409,.,.,.,.,.,.,.,.,.,.,.,.,.,.,.,s515,s516,.,s517,s518,s519,.,.,.,s514,.,.,
I410,.,.,.,.,.,.,.,.,.,.,.,s520,.,.,.,s411,s412,.,s413,s414,s415,.,.,.,s521,.,.,
I411,.,.,.,.,.,.,.,.,.,.,.,.,.,.,.,s411,s412,.,s413,s414,s415,.,.,.,s522,.,.,
I412,.,.,.,.,.,.,.,.,r0,.,.,r0,.,r0,.,r0,r0,s523,r0,r0,r0,.,.,.,.,.,.,
I413,.,.,.,.,.,.,.,.,r0,.,.,r0,.,r0,.,r0,r0,.,r0,r0,r0,.,.,.,.,.,.,
I414,.,.,.,.,.,.,.,.,r0,.,.,r0,.,r0,.,r0,r0,.,r0,r0,r0,.,.,.,.,.,.,
I415,.,.,.,.,.,.,.,.,r0,.,.,r0,.,r0,.,r0,r0,.,r0,r0,r0,.,.,.,.,.,.,
I416,.,.,.,.,.,.,.,.,r0,.,.,r0,.,r0,.,r0,r0,.,r0,r0,r0,.,.,.,.,.,.,
I417,.,.,.,.,.,.,.,.,.,.,.,.,.,s524,.,.,.,.,.,.,.,.,.,.,.,.,.,
I418,.,.,.,.,.,.,.,.,.,.,.,.,.,.,.,s411,s412,.,s413,s414,s415,.,.,.,s525,.,.,
I419,s526,.,.,.,.,.,.,.,.,.,.,.,.,.,.,s11,s12,.,s13,s14,s15,.,.,.,s29,.,.,
I420,.,.,.,.,.,.,.,.,.,.,.,.,.,.,.,s528,s529,.,s530,s531,s532,.,.,.,s527,.,.,
I421,.,.,.,.,.,.,.,.,.,.,.,s533,.,.,.,s422,s423,.,s424,s425,s426,.,.,.,s534,.,.,
I422,.,.,.,.,.,.,.,.,.,.,.,.,.,.,.,s422,s423,.,s424,s425,s426,.,.,.,s535,.,.,
I423,.,.,.,.,.,.,.,.,.,.,r0,r0,.,r0,.,r0,r0,s536,r0,r0,r0,.,.,.,.,.,.,
I424,.,.,.,.,.,.,.,.,.,.,r0,r0,.,r0,.,r0,r0,.,r0,r0,r0,.,.,.,.,.,.,
I425,.,.,.,.,.,.,.,.,.,.,r0,r0,.,r0,.,r0,r0,.,r0,r0,r0,.,.,.,.,.,.,
I426,.,.,.,.,.,.,.,.,.,.,r0,r0,.,r0,.,r0,r0,.,r0,r0,r0,.,.,.,.,.,.,
I427,.,.,.,.,.,.,.,.,.,.,r0,r0,.,r0,.,r0,r0,.,r0,r0,r0,.,.,.,.,.,.,
I428,.,.,.,.,.,.,.,.,.,.,.,.,.,s537,.,.,.,.,.,.,.,.,.,.,.,.,.,
I429,.,.,.,.,.,.,.,.,.,.,.,.,.,.,.,s422,s423,.,s424,s425,s426,.,.,.,s538,.,.,
I430,.,.,r0,.,.,r0,.,.,.,r0,.,.,.,.,.,r0,r0,.,r0,r0,r0,.,.,.,.,.,.,
I431,.,.,r0,.,.,r0,.,.,.,r0,.,.,.,r0,.,r0,r0,.,r0,r0,r0,.,.,.,.,.,.,
I432,.,.,r0,.,.,r0,.,.,.,r0,.,r0,.,r0,r0,r0s313,r0s314,.,r0s315,r0s316,r0s317,.,.,.,s432,.,.,
I433,.,.,.,.,.,.,.,.,.,.,.,s539,.,s542,.,s434,s435,.,s436,s437,s438,.,.,.,s541,.,s540,
I434,.,.,.,.,.,.,.,.,.,.,.,.,.,.,.,s434,s435,.,s436,s437,s438,.,.,.,s543,.,.,
I435,.,.,r0,.,.,r0,.,.,.,r0,.,r0,.,r0,r0,r0,r0,s544,r0,r0,r0,.,.,.,.,.,.,
I436,.,.,r0,.,.,r0,.,.,.,r0,.,r0,.,r0,r0,r0,r0,.,r0,r0,r0,.,.,.,.,.,.,
I437,.,.,r0,.,.,r0,.,.,.,r0,.,r0,.,r0,r0,r0,r0,.,r0,r0,r0,.,.,.,.,.,.,
I438,.,.,r0,.,.,r0,.,.,.,r0,.,r0,.,r0,r0,r0,r0,.,r0,r0,r0,.,.,.,.,.,.,
I439,.,.,r0,.,.,r0,.,.,.,r0,.,r0,.,r0,r0,r0,r0,.,r0,r0,r0,.,.,.,.,.,.,
I440,.,.,r0,.,.,r0,.,.,.,r0,.,r0,.,r0,.,r0,r0,.,r0,r0,r0,.,.,.,.,.,.,
I441,.,.,.,.,.,.,.,.,.,.,.,.,.,s545,.,.,.,.,.,.,.,.,.,.,.,.,.,
I442,.,.,.,.,.,.,.,.,.,.,.,s547,.,.,s546,s443,s444,.,s445,s446,s447,.,.,.,s548,.,.,
I443,.,.,.,.,.,.,.,.,.,.,.,.,.,.,.,s434,s435,.,s436,s437,s438,.,.,.,s549,.,.,
I444,.,.,r0,.,.,r0,.,.,.,r0,.,r0,.,r0,r0,r0,r0,s550,r0,r0,r0,.,.,.,.,.,.,
I445,.,.,r0,.,.,r0,.,.,.,r0,.,r0,.,r0,r0,r0,r0,.,r0,r0,r0,.,.,.,.,.,.,
I446,.,.,r0,.,.,r0,.,.,.,r0,.,r0,.,r0,r0,r0,r0,.,r0,r0,r0,.,.,.,.,.,.,
I447,.,.,r0,.,.,r0,.,.,.,r0,.,r0,.,r0,r0,r0,r0,.,r0,r0,r0,.,.,.,.,.,.,
I448,.,.,r0,.,.,r0,.,.,.,r0,.,r0,.,r0,.,r0,r0,.,r0,r0,r0,.,.,.,.,.,.,
I449,r0,.,.,.,.,.,.,.,.,.,.,r0,.,r0,r0,r0,r0,.,r0,r0,r0,.,.,.,.,.,.,
I450,.,.,.,.,.,.,.,.,.,.,.,.,.,s551,.,.,.,.,.,.,.,.,.,.,.,.,.,
I451,r0,.,.,.,.,.,.,.,.,.,.,r0,.,r0,r0,r0s328,r0s329,.,r0s330,r0s331,r0s332,.,.,.,s451,.,.,
I452,.,.,.,.,.,.,.,.,.,.,.,.,.,.,.,s553,s554,.,s555,s556,s557,.,.,.,s552,.,.,
I453,.,.,.,.,.,.,.,.,.,.,.,s558,.,s560,.,s328,s329,.,s330,s331,s332,.,.,.,s451,.,s559,
I454,r0,.,.,.,.,.,.,.,.,.,.,r0,.,r0,r0,r0,r0,.,r0,r0,r0,.,.,.,.,.,.,
I455,.,.,.,.,.,.,.,.,.,.,.,.,.,.,.,s562,s563,.,s564,s565,s566,.,.,.,s561,.,.,
I456,r0,.,.,.,.,.,.,.,.,.,.,r0,.,r0,.,r0,r0,.,r0,r0,r0,.,.,.,.,.,.,
I457,r0,.,.,.,.,.,.,.,.,.,.,r0,.,r0,.,r0,r0,.,r0,r0,r0,.,.,.,.,.,.,
I458,r0,.,.,.,.,.,.,.,.,.,.,r0,.,r0,r0,r0s337,r0s338,.,r0s339,r0s340,r0s341,.,.,.,s458,.,.,
I459,.,.,.,.,.,.,.,.,.,.,.,s567,.,s569,.,s328,s329,.,s330,s331,s332,.,.,.,s451,.,s568,
I460,r0,.,.,.,.,.,.,.,.,.,.,r0,.,r0,r0,r0,r0,.,r0,r0,r0,.,.,.,.,.,.,
I461,.,.,.,.,.,.,.,.,.,.,.,.,.,.,.,s165,s166,.,s167,s168,s169,.,.,.,s570,.,.,
I462,.,.,.,.,.,.,.,.,.,.,.,s571,.,.,.,s463,s464,.,s465,s466,s467,.,.,.,s572,.,.,
I463,.,.,.,.,.,.,.,.,.,.,.,.,.,.,.,s463,s464,.,s465,s466,s467,.,.,.,s573,.,.,
I464,r0,r0,r0,.,.,r0,.,r0,.,.,.,r0,.,r0,r0,r0,r0,s574,r0,r0,r0,.,.,.,.,.,.,
I465,r0,r0,r0,.,.,r0,.,r0,.,.,.,r0,.,r0,r0,r0,r0,.,r0,r0,r0,.,.,.,.,.,.,
I466,r0,r0,r0,.,.,r0,.,r0,.,.,.,r0,.,r0,r0,r0,r0,.,r0,r0,r0,.,.,.,.,.,.,
I467,r0,r0,r0,.,.,r0,.,r0,.,.,.,r0,.,r0,r0,r0,r0,.,r0,r0,r0,.,.,.,.,.,.,
I468,r0,r0,r0,.,.,r0,.,r0,.,.,.,r0,.,r0,r0,r0,r0,.,r0,r0,r0,.,.,.,.,.,.,
I469,.,.,.,.,.,.,.,.,.,.,.,.,.,s575,.,.,.,.,.,.,.,.,.,.,.,.,.,
I470,.,.,.,.,.,.,.,.,.,.,.,.,.,.,.,s463,s464,.,s465,s466,s467,.,.,.,s576,.,.,
I471,.,.,.,.,.,.,.,.,.,.,.,s578,.,.,s577,s472,s473,.,s474,s475,s476,.,.,.,s579,.,.,
I472,.,.,.,.,.,.,.,.,.,.,.,.,.,.,.,s581,s582,.,s583,s584,s585,.,.,.,s580,.,.,
I473,r0,r0,r0,.,.,r0,.,r0,.,.,.,r0,.,r0,r0,r0,r0,s586,r0,r0,r0,.,.,.,.,.,.,
I474,r0,r0,r0,.,.,r0,.,r0,.,.,.,r0,.,r0,r0,r0,r0,.,r0,r0,r0,.,.,.,.,.,.,
I475,r0,r0,r0,.,.,r0,.,r0,.,.,.,r0,.,r0,r0,r0,r0,.,r0,r0,r0,.,.,.,.,.,.,
I476,r0,r0,r0,.,.,r0,.,r0,.,.,.,r0,.,r0,r0,r0,r0,.,r0,r0,r0,.,.,.,.,.,.,
I477,r0,r0,r0,.,.,r0,.,r0,.,.,.,r0,.,r0,.,r0,r0,.,r0,r0,r0,.,.,.,.,.,.,
I478,r0,r0,r0,.,.,r0,.,r0,.,.,.,r0,.,r0,r0,r0,r0,.,r0,r0,r0,.,.,.,.,.,.,
I479,.,.,.,.,.,.,.,.,.,.,.,.,.,s587,.,.,.,.,.,.,.,.,.,.,.,.,.,
I480,r0,r0,r0,.,.,r0,.,r0,.,.,.,r0,.,r0,r0,r0s355,r0s356,.,r0s357,r0s358,r0s359,.,.,.,s480,.,.,
I481,.,.,.,.,.,.,.,.,.,.,.,.,.,.,.,s589,s590,.,s591,s592,s593,.,.,.,s588,.,.,
I482,.,.,.,.,.,.,.,.,.,.,.,s594,.,s596,.,s355,s356,.,s357,s358,s359,.,.,.,s480,.,s595,
I483,r0,r0,r0,.,.,r0,.,r0,.,.,.,r0,.,r0,r0,r0,r0,.,r0,r0,r0,.,.,.,.,.,.,
I484,.,.,.,.,.,.,.,.,.,.,.,.,.,.,.,s598,s599,.,s600,s601,s602,.,.,.,s597,.,.,
I485,r0,r0,r0,.,.,r0,.,r0,.,.,.,r0,.,r0,.,r0,r0,.,r0,r0,r0,.,.,.,.,.,.,
I486,r0,r0,r0,.,.,r0,.,r0,.,.,.,r0,.,r0,.,r0,r0,.,r0,r0,r0,.,.,.,.,.,.,
I487,r0,r0,r0,.,.,r0,.,r0,.,.,.,r0,.,r0,r0,r0s364,r0s365,.,r0s366,r0s367,r0s368,.,.,.,s487,.,.,
I488,.,.,.,.,.,.,.,.,.,.,.,s603,.,s605,.,s355,s356,.,s357,s358,s359,.,.,.,s480,.,s604,
I489,r0,r0,r0,.,.,r0,.,r0,.,.,.,r0,.,r0,r0,r0,r0,.,r0,r0,r0,.,.,.,.,.,.,
I490,.,.,.,r0,.,.,.,.,.,.,.,r0,.,r0,r0,r0,r0,.,r0,r0,r0,.,.,.,.,.,.,
I491,.,.,.,.,.,.,.,.,.,.,.,.,.,s606,.,.,.,.,.,.,.,.,.,.,.,.,.,
I492,.,.,.,r0,.,.,.,.,.,.,.,r0,.,r0,r0,r0s375,r0s376,.,r0s377,r0s378,r0s379,.,.,.,s492,.,.,
I493,.,.,.,.,.,.,.,.,.,.,.,.,.,.,.,s608,s609,.,s610,s611,s612,.,.,.,s607,.,.,
I494,.,.,.,.,.,.,.,.,.,.,.,s613,.,s615,.,s375,s376,.,s377,s378,s379,.,.,.,s492,.,s614,
I495,.,.,.,r0,.,.,.,.,.,.,.,r0,.,r0,r0,r0,r0,.,r0,r0,r0,.,.,.,.,.,.,
I496,.,.,.,.,.,.,.,.,.,.,.,.,.,.,.,s617,s618,.,s619,s620,s621,.,.,.,s616,.,.,
I497,.,.,.,r0,.,.,.,.,.,.,.,r0,.,r0,.,r0,r0,.,r0,r0,r0,.,.,.,.,.,.,
I498,.,.,.,r0,.,.,.,.,.,.,.,r0,.,r0,.,r0,r0,.,r0,r0,r0,.,.,.,.,.,.,
I499,.,.,.,r0,.,.,.,.,.,.,.,r0,.,r0,r0,r0s384,r0s385,.,r0s386,r0s387,r0s388,.,.,.,s499,.,.,
I500,.,.,.,.,.,.,.,.,.,.,.,s622,.,s624,.,s375,s376,.,s377,s378,s379,.,.,.,s492,.,s623,
I501,.,.,.,r0,.,.,.,.,.,.,.,r0,.,r0,r0,r0,r0,.,r0,r0,r0,.,.,.,.,.,.,
I502,.,.,.,.,.,.,r0,.,.,.,.,r0,.,r0,r0,r0,r0,.,r0,r0,r0,.,.,.,.,.,.,
I503,.,.,.,.,.,.,.,.,.,.,.,.,.,s625,.,.,.,.,.,.,.,.,.,.,.,.,.,
I504,.,.,.,.,.,.,r0,.,.,.,.,r0,.,r0,r0,r0s394,r0s395,.,r0s396,r0s397,r0s398,.,.,.,s504,.,.,
I505,.,.,.,.,.,.,.,.,.,.,.,.,.,.,.,s627,s628,.,s629,s630,s631,.,.,.,s626,.,.,
I506,.,.,.,.,.,.,.,.,.,.,.,s632,.,s634,.,s394,s395,.,s396,s397,s398,.,.,.,s504,.,s633,
I507,.,.,.,.,.,.,r0,.,.,.,.,r0,.,r0,r0,r0,r0,.,r0,r0,r0,.,.,.,.,.,.,
I508,.,.,.,.,.,.,.,.,.,.,.,.,.,.,.,s636,s637,.,s638,s639,s640,.,.,.,s635,.,.,
I509,.,.,.,.,.,.,r0,.,.,.,.,r0,.,r0,.,r0,r0,.,r0,r0,r0,.,.,.,.,.,.,
I510,.,.,.,.,.,.,r0,.,.,.,.,r0,.,r0,.,r0,r0,.,r0,r0,r0,.,.,.,.,.,.,
I511,.,.,.,.,.,.,r0,.,.,.,.,r0,.,r0,r0,r0s403,r0s404,.,r0s405,r0s406,r0s407,.,.,.,s511,.,.,
I512,.,.,.,.,.,.,.,.,.,.,.,s641,.,s643,.,s394,s395,.,s396,s397,s398,.,.,.,s504,.,s642,
I513,.,.,.,.,.,.,r0,.,.,.,.,r0,.,r0,r0,r0,r0,.,r0,r0,r0,.,.,.,.,.,.,
I514,.,.,.,.,.,.,.,.,.,.,.,s645,.,.,s644,s515,s516,.,s517,s518,s519,.,.,.,s646,.,.,
I515,.,.,.,.,.,.,.,.,.,.,.,.,.,.,.,s648,s649,.,s650,s651,s652,.,.,.,s647,.,.,
I516,.,.,.,.,.,.,.,.,r0,.,.,r0,.,r0,r0,r0,r0,s653,r0,r0,r0,.,.,.,.,.,.,
I517,.,.,.,.,.,.,.,.,r0,.,.,r0,.,r0,r0,r0,r0,.,r0,r0,r0,.,.,.,.,.,.,
I518,.,.,.,.,.,.,.,.,r0,.,.,r0,.,r0,r0,r0,r0,.,r0,r0,r0,.,.,.,.,.,.,
I519,.,.,.,.,.,.,.,.,r0,.,.,r0,.,r0,r0,r0,r0,.,r0,r0,r0,.,.,.,.,.,.,
I520,.,.,.,.,.,.,.,.,r0,.,.,.,.,r0,.,r0,r0,.,r0,r0,r0,.,.,.,.,.,.,
I521,.,.,.,.,.,.,.,.,r0,.,.,r0,.,r0,.,r0s411,r0s412,.,r0s413,r0s414,r0s415,.,.,.,s521,.,.,
I522,.,.,.,.,.,.,.,.,.,.,.,s654,.,s418,.,s411,s412,.,s413,s414,s415,.,.,.,s521,.,s655,
I523,.,.,.,.,.,.,.,.,r0,.,.,r0,.,r0,.,r0,r0,.,r0,r0,r0,.,.,.,.,.,.,
I524,.,.,.,.,.,.,.,.,.,.,.,.,.,.,.,s657,s658,.,s659,s660,s661,.,.,.,s656,.,.,
I525,.,.,.,.,.,.,.,.,.,.,.,s662,.,.,.,s411,s412,.,s413,s414,s415,.,.,.,s521,.,.,
I526,.,.,.,.,.,.,.,.,.,.,.,.,.,.,.,.,.,.,.,.,.,r0,.,.,.,.,.,
I527,.,.,.,.,.,.,.,.,.,.,.,s664,.,.,s663,s528,s529,.,s530,s531,s532,.,.,.,s665,.,.,
I528,.,.,.,.,.,.,.,.,.,.,.,.,.,.,.,s667,s668,.,s669,s670,s671,.,.,.,s666,.,.,
I529,.,.,.,.,.,.,.,.,.,.,r0,r0,.,r0,r0,r0,r0,s672,r0,r0,r0,.,.,.,.,.,.,
I530,.,.,.,.,.,.,.,.,.,.,r0,r0,.,r0,r0,r0,r0,.,r0,r0,r0,.,.,.,.,.,.,
I531,.,.,.,.,.,.,.,.,.,.,r0,r0,.,r0,r0,r0,r0,.,r0,r0,r0,.,.,.,.,.,.,
I532,.,.,.,.,.,.,.,.,.,.,r0,r0,.,r0,r0,r0,r0,.,r0,r0,r0,.,.,.,.,.,.,
I533,.,.,.,.,.,.,.,.,.,.,r0,.,.,r0,.,r0,r0,.,r0,r0,r0,.,.,.,.,.,.,
I534,.,.,.,.,.,.,.,.,.,.,r0,r0,.,r0,.,r0s422,r0s423,.,r0s424,r0s425,r0s426,.,.,.,s534,.,.,
I535,.,.,.,.,.,.,.,.,.,.,.,s673,.,s429,.,s422,s423,.,s424,s425,s426,.,.,.,s534,.,s674,
I536,.,.,.,.,.,.,.,.,.,.,r0,r0,.,r0,.,r0,r0,.,r0,r0,r0,.,.,.,.,.,.,
I537,.,.,.,.,.,.,.,.,.,.,.,.,.,.,.,s676,s677,.,s678,s679,s680,.,.,.,s675,.,.,
I538,.,.,.,.,.,.,.,.,.,.,.,s681,.,.,.,s422,s423,.,s424,s425,s426,.,.,.,s534,.,.,
I539,.,.,r0,.,.,r0,.,.,.,r0,.,r0,.,r0,r0,r0,r0,.,r0,r0,r0,.,.,.,.,.,.,
I540,.,.,.,.,.,.,.,.,.,.,.,.,.,s682,.,.,.,.,.,.,.,.,.,.,.,.,.,
I541,.,.,r0,.,.,r0,.,.,.,r0,.,r0,.,r0,r0,r0s434,r0s435,.,r0s436,r0s437,r0s438,.,.,.,s541,.,.,
I542,.,.,.,.,.,.,.,.,.,.,.,.,.,.,.,s684,s685,.,s686,s687,s688,.,.,.,s683,.,.,
I543,.,.,.,.,.,.,.,.,.,.,.,s689,.,s691,.,s434,s435,.,s436,s437,s438,.,.,.,s541,.,s690,
I544,.,.,r0,.,.,r0,.,.,.,r0,.,r0,.,r0,r0,r0,r0,.,r0,r0,r0,.,.,.,.,.,.,
I545,.,.,.,.,.,.,.,.,.,.,.,.,.,.,.,s693,s694,.,s695,s696,s697,.,.,.,s692,.,.,
I546,.,.,r0,.,.,r0,.,.,.,r0,.,r0,.,r0,.,r0,r0,.,r0,r0,r0,.,.,.,.,.,.,
I547,.,.,r0,.,.,r0,.,.,.,r0,.,r0,.,r0,.,r0,r0,.,r0,r0,r0,.,.,.,.,.,.,
I548,.,.,r0,.,.,r0,.,.,.,r0,.,r0,.,r0,r0,r0s443,r0s444,.,r0s445,r0s446,r0s447,.,.,.,s548,.,.,
I549,.,.,.,.,.,.,.,.,.,.,.,s698,.,s700,.,s434,s435,.,s436,s437,s438,.,.,.,s541,.,s699,
I550,.,.,r0,.,.,r0,.,.,.,r0,.,r0,.,r0,r0,r0,r0,.,r0,r0,r0,.,.,.,.,.,.,
I551,.,.,.,.,.,.,.,.,.,.,.,.,.,.,.,s236,s237,.,s238,s239,s240,.,.,.,s701,.,.,
I552,.,.,.,.,.,.,.,.,.,.,.,s702,.,.,.,s553,s554,.,s555,s556,s557,.,.,.,s703,.,.,
I553,.,.,.,.,.,.,.,.,.,.,.,.,.,.,.,s553,s554,.,s555,s556,s557,.,.,.,s704,.,.,
I554,r0,.,.,.,.,.,.,.,.,.,.,r0,.,r0,r0,r0,r0,s705,r0,r0,r0,.,.,.,.,.,.,
I555,r0,.,.,.,.,.,.,.,.,.,.,r0,.,r0,r0,r0,r0,.,r0,r0,r0,.,.,.,.,.,.,
I556,r0,.,.,.,.,.,.,.,.,.,.,r0,.,r0,r0,r0,r0,.,r0,r0,r0,.,.,.,.,.,.,
I557,r0,.,.,.,.,.,.,.,.,.,.,r0,.,r0,r0,r0,r0,.,r0,r0,r0,.,.,.,.,.,.,
I558,r0,.,.,.,.,.,.,.,.,.,.,r0,.,r0,r0,r0,r0,.,r0,r0,r0,.,.,.,.,.,.,
I559,.,.,.,.,.,.,.,.,.,.,.,.,.,s706,.,.,.,.,.,.,.,.,.,.,.,.,.,
I560,.,.,.,.,.,.,.,.,.,.,.,.,.,.,.,s553,s554,.,s555,s556,s557,.,.,.,s707,.,.,
I561,.,.,.,.,.,.,.,.,.,.,.,s457,.,.,s708,s562,s563,.,s564,s565,s566,.,.,.,s709,.,.,
I562,.,.,.,.,.,.,.,.,.,.,.,.,.,.,.,s711,s712,.,s713,s714,s715,.,.,.,s710,.,.,
I563,r0,.,.,.,.,.,.,.,.,.,.,r0,.,r0,r0,r0,r0,s716,r0,r0,r0,.,.,.,.,.,.,
I564,r0,.,.,.,.,.,.,.,.,.,.,r0,.,r0,r0,r0,r0,.,r0,r0,r0,.,.,.,.,.,.,
I565,r0,.,.,.,.,.,.,.,.,.,.,r0,.,r0,r0,r0,r0,.,r0,r0,r0,.,.,.,.,.,.,
I566,r0,.,.,.,.,.,.,.,.,.,.,r0,.,r0,r0,r0,r0,.,r0,r0,r0,.,.,.,.,.,.,
I567,r0,.,.,.,.,.,.,.,.,.,.,r0,.,r0,r0,r0,r0,.,r0,r0,r0,.,.,.,.,.,.,
I568,.,.,.,.,.,.,.,.,.,.,.,.,.,s717,.,.,.,.,.,.,.,.,.,.,.,.,.,
I569,.,.,.,.,.,.,.,.,.,.,.,.,.,.,.,s553,s554,.,s555,s556,s557,.,.,.,s718,.,.,
I570,.,.,.,.,.,.,.,.,.,.,.,s720,.,.,s719,s165,s166,.,s167,s168,s169,.,.,.,s249,.,.,
I571,r0,r0,r0,.,.,r0,.,r0,.,.,.,r0,.,r0,r0,r0,r0,.,r0,r0,r0,.,.,.,.,.,.,
I572,r0,r0,r0,.,.,r0,.,r0,.,.,.,r0,.,r0,r0,r0s463,r0s464,.,r0s465,r0s466,r0s467,.,.,.,s572,.,.,
I573,.,.,.,.,.,.,.,.,.,.,.,s721,.,s470,.,s463,s464,.,s465,s466,s467,.,.,.,s572,.,s722,
I574,r0,r0,r0,.,.,r0,.,r0,.,.,.,r0,.,r0,r0,r0,r0,.,r0,r0,r0,.,.,.,.,.,.,
I575,.,.,.,.,.,.,.,.,.,.,.,.,.,.,.,s724,s725,.,s726,s727,s728,.,.,.,s723,.,.,
I576,.,.,.,.,.,.,.,.,.,.,.,s729,.,.,.,s463,s464,.,s465,s466,s467,.,.,.,s572,.,.,
I577,r0,r0,r0,.,.,r0,.,r0,.,.,.,r0,.,r0,.,r0,r0,.,r0,r0,r0,.,.,.,.,.,.,
I578,r0,r0,r0,.,.,r0,.,r0,.,.,.,r0,.,r0,.,r0,r0,.,r0,r0,r0,.,.,.,.,.,.,
I579,r0,r0,r0,.,.,r0,.,r0,.,.,.,r0,.,r0,r0,r0s472,r0s473,.,r0s474,r0s475,r0s476,.,.,.,s579,.,.,
I580,.,.,.,.,.,.,.,.,.,.,.,s730,.,s733,.,s581,s582,.,s583,s584,s585,.,.,.,s732,.,s731,
I581,.,.,.,.,.,.,.,.,.,.,.,.,.,.,.,s581,s582,.,s583,s584,s585,.,.,.,s734,.,.,
I582,r0,r0,r0,.,.,r0,.,r0,.,.,.,r0,.,r0,r0,r0,r0,s735,r0,r0,r0,.,.,.,.,.,.,
I583,r0,r0,r0,.,.,r0,.,r0,.,.,.,r0,.,r0,r0,r0,r0,.,r0,r0,r0,.,.,.,.,.,.,
I584,r0,r0,r0,.,.,r0,.,r0,.,.,.,r0,.,r0,r0,r0,r0,.,r0,r0,r0,.,.,.,.,.,.,
I585,r0,r0,r0,.,.,r0,.,r0,.,.,.,r0,.,r0,r0,r0,r0,.,r0,r0,r0,.,.,.,.,.,.,
I586,r0,r0,r0,.,.,r0,.,r0,.,.,.,r0,.,r0,r0,r0,r0,.,r0,r0,r0,.,.,.,.,.,.,
I587,.,.,.,.,.,.,.,.,.,.,.,.,.,.,.,s261,s262,.,s263,s264,s265,.,.,.,s736,.,.,
I588,.,.,.,.,.,.,.,.,.,.,.,s737,.,.,.,s589,s590,.,s591,s592,s593,.,.,.,s738,.,.,
I589,.,.,.,.,.,.,.,.,.,.,.,.,.,.,.,s589,s590,.,s591,s592,s593,.,.,.,s739,.,.,
I590,r0,r0,r0,.,.,r0,.,r0,.,.,.,r0,.,r0,r0,r0,r0,s740,r0,r0,r0,.,.,.,.,.,.,
I591,r0,r0,r0,.,.,r0,.,r0,.,.,.,r0,.,r0,r0,r0,r0,.,r0,r0,r0,.,.,.,.,.,.,
I592,r0,r0,r0,.,.,r0,.,r0,.,.,.,r0,.,r0,r0,r0,r0,.,r0,r0,r0,.,.,.,.,.,.,
I593,r0,r0,r0,.,.,r0,.,r0,.,.,.,r0,.,r0,r0,r0,r0,.,r0,r0,r0,.,.,.,.,.,.,
I594,r0,r0,r0,.,.,r0,.,r0,.,.,.,r0,.,r0,r0,r0,r0,.,r0,r0,r0,.,.,.,.,.,.,
I595,.,.,.,.,.,.,.,.,.,.,.,.,.,s741,.,.,.,.,.,.,.,.,.,.,.,.,.,
I596,.,.,.,.,.,.,.,.,.,.,.,.,.,.,.,s589,s590,.,s591,s592,s593,.,.,.,s742,.,.,
I597,.,.,.,.,.,.,.,.,.,.,.,s486,.,.,s743,s598,s599,.,s600,s601,s602,.,.,.,s744,.,.,
I598,.,.,.,.,.,.,.,.,.,.,.,.,.,.,.,s746,s747,.,s748,s749,s750,.,.,.,s745,.,.,
I599,r0,r0,r0,.,.,r0,.,r0,.,.,.,r0,.,r0,r0,r0,r0,s751,r0,r0,r0,.,.,.,.,.,.,
I600,r0,r0,r0,.,.,r0,.,r0,.,.,.,r0,.,r0,r0,r0,r0,.,r0,r0,r0,.,.,.,.,.,.,
I601,r0,r0,r0,.,.,r0,.,r0,.,.,.,r0,.,r0,r0,r0,r0,.,r0,r0,r0,.,.,.,.,.,.,
I602,r0,r0,r0,.,.,r0,.,r0,.,.,.,r0,.,r0,r0,r0,r0,.,r0,r0,r0,.,.,.,.,.,.,
I603,r0,r0,r0,.,.,r0,.,r0,.,.,.,r0,.,r0,r0,r0,r0,.,r0,r0,r0,.,.,.,.,.,.,
I604,.,.,.,.,.,.,.,.,.,.,.,.,.,s752,.,.,.,.,.,.,.,.,.,.,.,.,.,
I605,.,.,.,.,.,.,.,.,.,.,.,.,.,.,.,s589,s590,.,s591,s592,s593,.,.,.,s753,.,.,
I606,.,.,.,.,.,.,.,.,.,.,.,.,.,.,.,s275,s276,.,s277,s278,s279,.,.,.,s754,.,.,
I607,.,.,.,.,.,.,.,.,.,.,.,s755,.,.,.,s608,s609,.,s610,s611,s612,.,.,.,s756,.,.,
I608,.,.,.,.,.,.,.,.,.,.,.,.,.,.,.,s608,s609,.,s610,s611,s612,.,.,.,s757,.,.,
I609,.,.,.,r0,.,.,.,.,.,.,.,r0,.,r0,r0,r0,r0,s758,r0,r0,r0,.,.,.,.,.,.,
I610,.,.,.,r0,.,.,.,.,.,.,.,r0,.,r0,r0,r0,r0,.,r0,r0,r0,.,.,.,.,.,.,
I611,.,.,.,r0,.,.,.,.,.,.,.,r0,.,r0,r0,r0,r0,.,r0,r0,r0,.,.,.,.,.,.,
I612,.,.,.,r0,.,.,.,.,.,.,.,r0,.,r0,r0,r0,r0,.,r0,r0,r0,.,.,.,.,.,.,
I613,.,.,.,r0,.,.,.,.,.,.,.,r0,.,r0,r0,r0,r0,.,r0,r0,r0,.,.,.,.,.,.,
I614,.,.,.,.,.,.,.,.,.,.,.,.,.,s759,.,.,.,.,.,.,.,.,.,.,.,.,.,
I615,.,.,.,.,.,.,.,.,.,.,.,.,.,.,.,s608,s609,.,s610,s611,s612,.,.,.,s760,.,.,
I616,.,.,.,.,.,.,.,.,.,.,.,s498,.,.,s761,s617,s618,.,s619,s620,s621,.,.,.,s762,.,.,
I617,.,.,.,.,.,.,.,.,.,.,.,.,.,.,.,s764,s765,.,s766,s767,s768,.,.,.,s763,.,.,
I618,.,.,.,r0,.,.,.,.,.,.,.,r0,.,r0,r0,r0,r0,s769,r0,r0,r0,.,.,.,.,.,.,
I619,.,.,.,r0,.,.,.,.,.,.,.,r0,.,r0,r0,r0,r0,.,r0,r0,r0,.,.,.,.,.,.,
I620,.,.,.,r0,.,.,.,.,.,.,.,r0,.,r0,r0,r0,r0,.,r0,r0,r0,.,.,.,.,.,.,
I621,.,.,.,r0,.,.,.,.,.,.,.,r0,.,r0,r0,r0,r0,.,r0,r0,r0,.,.,.,.,.,.,
I622,.,.,.,r0,.,.,.,.,.,.,.,r0,.,r0,r0,r0,r0,.,r0,r0,r0,.,.,.,.,.,.,
I623,.,.,.,.,.,.,.,.,.,.,.,.,.,s770,.,.,.,.,.,.,.,.,.,.,.,.,.,
I624,.,.,.,.,.,.,.,.,.,.,.,.,.,.,.,s608,s609,.,s610,s611,s612,.,.,.,s771,.,.,
I625,.,.,.,.,.,.,.,.,.,.,.,.,.,.,.,s287,s288,.,s289,s290,s291,.,.,.,s772,.,.,
I626,.,.,.,.,.,.,.,.,.,.,.,s773,.,.,.,s627,s628,.,s629,s630,s631,.,.,.,s774,.,.,
I627,.,.,.,.,.,.,.,.,.,.,.,.,.,.,.,s627,s628,.,s629,s630,s631,.,.,.,s775,.,.,
I628,.,.,.,.,.,.,r0,.,.,.,.,r0,.,r0,r0,r0,r0,s776,r0,r0,r0,.,.,.,.,.,.,
I629,.,.,.,.,.,.,r0,.,.,.,.,r0,.,r0,r0,r0,r0,.,r0,r0,r0,.,.,.,.,.,.,
I630,.,.,.,.,.,.,r0,.,.,.,.,r0,.,r0,r0,r0,r0,.,r0,r0,r0,.,.,.,.,.,.,
I631,.,.,.,.,.,.,r0,.,.,.,.,r0,.,r0,r0,r0,r0,.,r0,r0,r0,.,.,.,.,.,.,
I632,.,.,.,.,.,.,r0,.,.,.,.,r0,.,r0,r0,r0,r0,.,r0,r0,r0,.,.,.,.,.,.,
I633,.,.,.,.,.,.,.,.,.,.,.,.,.,s777,.,.,.,.,.,.,.,.,.,.,.,.,.,
I634,.,.,.,.,.,.,.,.,.,.,.,.,.,.,.,s627,s628,.,s629,s630,s631,.,.,.,s778,.,.,
I635,.,.,.,.,.,.,.,.,.,.,.,s510,.,.,s779,s636,s637,.,s638,s639,s640,.,.,.,s780,.,.,
I636,.,.,.,.,.,.,.,.,.,.,.,.,.,.,.,s782,s783,.,s784,s785,s786,.,.,.,s781,.,.,
I637,.,.,.,.,.,.,r0,.,.,.,.,r0,.,r0,r0,r0,r0,s787,r0,r0,r0,.,.,.,.,.,.,
I638,.,.,.,.,.,.,r0,.,.,.,.,r0,.,r0,r0,r0,r0,.,r0,r0,r0,.,.,.,.,.,.,
I639,.,.,.,.,.,.,r0,.,.,.,.,r0,.,r0,r0,r0,r0,.,r0,r0,r0,.,.,.,.,.,.,
I640,.,.,.,.,.,.,r0,.,.,.,.,r0,.,r0,r0,r0,r0,.,r0,r0,r0,.,.,.,.,.,.,
I641,.,.,.,.,.,.,r0,.,.,.,.,r0,.,r0,r0,r0,r0,.,r0,r0,r0,.,.,.,.,.,.,
I642,.,.,.,.,.,.,.,.,.,.,.,.,.,s788,.,.,.,.,.,.,.,.,.,.,.,.,.,
I643,.,.,.,.,.,.,.,.,.,.,.,.,.,.,.,s627,s628,.,s629,s630,s631,.,.,.,s789,.,.,
I644,.,.,.,.,.,.,.,.,r0,.,.,.,.,.,.,r0,r0,.,r0,r0,r0,.,.,.,.,.,.,
I645,.,.,.,.,.,.,.,.,r0,.,.,.,.,r0,.,r0,r0,.,r0,r0,r0,.,.,.,.,.,.,
I646,.,.,.,.,.,.,.,.,r0,.,.,r0,.,r0,r0,r0s515,r0s516,.,r0s517,r0s518,r0s519,.,.,.,s646,.,.,
I647,.,.,.,.,.,.,.,.,.,.,.,s790,.,s793,.,s648,s649,.,s650,s651,s652,.,.,.,s792,.,s791,
I648,.,.,.,.,.,.,.,.,.,.,.,.,.,.,.,s648,s649,.,s650,s651,s652,.,.,.,s794,.,.,
I649,.,.,.,.,.,.,.,.,r0,.,.,r0,.,r0,r0,r0,r0,s795,r0,r0,r0,.,.,.,.,.,.,
I650,.,.,.,.,.,.,.,.,r0,.,.,r0,.,r0,r0,r0,r0,.,r0,r0,r0,.,.,.,.,.,.,
I651,.,.,.,.,.,.,.,.,r0,.,.,r0,.,r0,r0,r0,r0,.,r0,r0,r0,.,.,.,.,.,.,
I652,.,.,.,.,.,.,.,.,r0,.,.,r0,.,r0,r0,r0,r0,.,r0,r0,r0,.,.,.,.,.,.,
I653,.,.,.,.,.,.,.,.,r0,.,.,r0,.,r0,r0,r0,r0,.,r0,r0,r0,.,.,.,.,.,.,
I654,.,.,.,.,.,.,.,.,r0,.,.,r0,.,r0,.,r0,r0,.,r0,r0,r0,.,.,.,.,.,.,
I655,.,.,.,.,.,.,.,.,.,.,.,.,.,s796,.,.,.,.,.,.,.,.,.,.,.,.,.,
I656,.,.,.,.,.,.,.,.,.,.,.,s798,.,.,s797,s657,s658,.,s659,s660,s661,.,.,.,s799,.,.,
I657,.,.,.,.,.,.,.,.,.,.,.,.,.,.,.,s648,s649,.,s650,s651,s652,.,.,.,s800,.,.,
I658,.,.,.,.,.,.,.,.,r0,.,.,r0,.,r0,r0,r0,r0,s801,r0,r0,r0,.,.,.,.,.,.,
I659,.,.,.,.,.,.,.,.,r0,.,.,r0,.,r0,r0,r0,r0,.,r0,r0,r0,.,.,.,.,.,.,
I660,.,.,.,.,.,.,.,.,r0,.,.,r0,.,r0,r0,r0,r0,.,r0,r0,r0,.,.,.,.,.,.,
I661,.,.,.,.,.,.,.,.,r0,.,.,r0,.,r0,r0,r0,r0,.,r0,r0,r0,.,.,.,.,.,.,
I662,.,.,.,.,.,.,.,.,r0,.,.,r0,.,r0,.,r0,r0,.,r0,r0,r0,.,.,.,.,.,.,
I663,.,.,.,.,.,.,.,.,.,.,r0,.,.,.,.,r0,r0,.,r0,r0,r0,.,.,.,.,.,.,
I664,.,.,.,.,.,.,.,.,.,.,r0,.,.,r0,.,r0,r0,.,r0,r0,r0,.,.,.,.,.,.,
I665,.,.,.,.,.,.,.,.,.,.,r0,r0,.,r0,r0,r0s528,r0s529,.,r0s530,r0s531,r0s532,.,.,.,s665,.,.,
I666,.,.,.,.,.,.,.,.,.,.,.,s802,.,s805,.,s667,s668,.,s669,s670,s671,.,.,.,s804,.,s803,
I667,.,.,.,.,.,.,.,.,.,.,.,.,.,.,.,s667,s668,.,s669,s670,s671,.,.,.,s806,.,.,
I668,.,.,.,.,.,.,.,.,.,.,r0,r0,.,r0,r0,r0,r0,s807,r0,r0,r0,.,.,.,.,.,.,
I669,.,.,.,.,.,.,.,.,.,.,r0,r0,.,r0,r0,r0,r0,.,r0,r0,r0,.,.,.,.,.,.,
I670,.,.,.,.,.,.,.,.,.,.,r0,r0,.,r0,r0,r0,r0,.,r0,r0,r0,.,.,.,.,.,.,
I671,.,.,.,.,.,.,.,.,.,.,r0,r0,.,r0,r0,r0,r0,.,r0,r0,r0,.,.,.,.,.,.,
I672,.,.,.,.,.,.,.,.,.,.,r0,r0,.,r0,r0,r0,r0,.,r0,r0,r0,.,.,.,.,.,.,
I673,.,.,.,.,.,.,.,.,.,.,r0,r0,.,r0,.,r0,r0,.,r0,r0,r0,.,.,.,.,.,.,
I674,.,.,.,.,.,.,.,.,.,.,.,.,.,s808,.,.,.,.,.,.,.,.,.,.,.,.,.,
I675,.,.,.,.,.,.,.,.,.,.,.,s810,.,.,s809,s676,s677,.,s678,s679,s680,.,.,.,s811,.,.,
I676,.,.,.,.,.,.,.,.,.,.,.,.,.,.,.,s667,s668,.,s669,s670,s671,.,.,.,s812,.,.,
I677,.,.,.,.,.,.,.,.,.,.,r0,r0,.,r0,r0,r0,r0,s813,r0,r0,r0,.,.,.,.,.,.,
I678,.,.,.,.,.,.,.,.,.,.,r0,r0,.,r0,r0,r0,r0,.,r0,r0,r0,.,.,.,.,.,.,
I679,.,.,.,.,.,.,.,.,.,.,r0,r0,.,r0,r0,r0,r0,.,r0,r0,r0,.,.,.,.,.,.,
I680,.,.,.,.,.,.,.,.,.,.,r0,r0,.,r0,r0,r0,r0,.,r0,r0,r0,.,.,.,.,.,.,
I681,.,.,.,.,.,.,.,.,.,.,r0,r0,.,r0,.,r0,r0,.,r0,r0,r0,.,.,.,.,.,.,
I682,.,.,.,.,.,.,.,.,.,.,.,.,.,.,.,s313,s314,.,s315,s316,s317,.,.,.,s814,.,.,
I683,.,.,.,.,.,.,.,.,.,.,.,s815,.,.,.,s684,s685,.,s686,s687,s688,.,.,.,s816,.,.,
I684,.,.,.,.,.,.,.,.,.,.,.,.,.,.,.,s684,s685,.,s686,s687,s688,.,.,.,s817,.,.,
I685,.,.,r0,.,.,r0,.,.,.,r0,.,r0,.,r0,r0,r0,r0,s818,r0,r0,r0,.,.,.,.,.,.,
I686,.,.,r0,.,.,r0,.,.,.,r0,.,r0,.,r0,r0,r0,r0,.,r0,r0,r0,.,.,.,.,.,.,
I687,.,.,r0,.,.,r0,.,.,.,r0,.,r0,.,r0,r0,r0,r0,.,r0,r0,r0,.,.,.,.,.,.,
I688,.,.,r0,.,.,r0,.,.,.,r0,.,r0,.,r0,r0,r0,r0,.,r0,r0,r0,.,.,.,.,.,.,
I689,.,.,r0,.,.,r0,.,.,.,r0,.,r0,.,r0,r0,r0,r0,.,r0,r0,r0,.,.,.,.,.,.,
I690,.,.,.,.,.,.,.,.,.,.,.,.,.,s819,.,.,.,.,.,.,.,.,.,.,.,.,.,
I691,.,.,.,.,.,.,.,.,.,.,.,.,.,.,.,s684,s685,.,s686,s687,s688,.,.,.,s820,.,.,
I692,.,.,.,.,.,.,.,.,.,.,.,s547,.,.,s821,s693,s694,.,s695,s696,s697,.,.,.,s822,.,.,
I693,.,.,.,.,.,.,.,.,.,.,.,.,.,.,.,s824,s825,.,s826,s827,s828,.,.,.,s823,.,.,
I694,.,.,r0,.,.,r0,.,.,.,r0,.,r0,.,r0,r0,r0,r0,s829,r0,r0,r0,.,.,.,.,.,.,
I695,.,.,r0,.,.,r0,.,.,.,r0,.,r0,.,r0,r0,r0,r0,.,r0,r0,r0,.,.,.,.,.,.,
I696,.,.,r0,.,.,r0,.,.,.,r0,.,r0,.,r0,r0,r0,r0,.,r0,r0,r0,.,.,.,.,.,.,
I697,.,.,r0,.,.,r0,.,.,.,r0,.,r0,.,r0,r0,r0,r0,.,r0,r0,r0,.,.,.,.,.,.,
I698,.,.,r0,.,.,r0,.,.,.,r0,.,r0,.,r0,r0,r0,r0,.,r0,r0,r0,.,.,.,.,.,.,
I699,.,.,.,.,.,.,.,.,.,.,.,.,.,s830,.,.,.,.,.,.,.,.,.,.,.,.,.,
I700,.,.,.,.,.,.,.,.,.,.,.,.,.,.,.,s684,s685,.,s686,s687,s688,.,.,.,s831,.,.,
I701,.,.,.,.,.,.,.,.,.,.,.,s833,.,.,s832,s236,s237,.,s238,s239,s240,.,.,.,s326,.,.,
I702,r0,.,.,.,.,.,.,.,.,.,.,r0,.,r0,r0,r0,r0,.,r0,r0,r0,.,.,.,.,.,.,
I703,r0,.,.,.,.,.,.,.,.,.,.,r0,.,r0,r0,r0s553,r0s554,.,r0s555,r0s556,r0s557,.,.,.,s703,.,.,
I704,.,.,.,.,.,.,.,.,.,.,.,s834,.,s560,.,s553,s554,.,s555,s556,s557,.,.,.,s703,.,s835,
I705,r0,.,.,.,.,.,.,.,.,.,.,r0,.,r0,r0,r0,r0,.,r0,r0,r0,.,.,.,.,.,.,
I706,.,.,.,.,.,.,.,.,.,.,.,.,.,.,.,s337,s338,.,s339,s340,s341,.,.,.,s836,.,.,
I707,.,.,.,.,.,.,.,.,.,.,.,s837,.,.,.,s553,s554,.,s555,s556,s557,.,.,.,s703,.,.,
I708,r0,.,.,.,.,.,.,.,.,.,.,r0,.,r0,.,r0,r0,.,r0,r0,r0,.,.,.,.,.,.,
I709,r0,.,.,.,.,.,.,.,.,.,.,r0,.,r0,r0,r0s562,r0s563,.,r0s564,r0s565,r0s566,.,.,.,s709,.,.,
I710,.,.,.,.,.,.,.,.,.,.,.,s838,.,s569,.,s711,s712,.,s713,s714,s715,.,.,.,s840,.,s839,
I711,.,.,.,.,.,.,.,.,.,.,.,.,.,.,.,s711,s712,.,s713,s714,s715,.,.,.,s841,.,.,
I712,r0,.,.,.,.,.,.,.,.,.,.,r0,.,r0,r0,r0,r0,s842,r0,r0,r0,.,.,.,.,.,.,
I713,r0,.,.,.,.,.,.,.,.,.,.,r0,.,r0,r0,r0,r0,.,r0,r0,r0,.,.,.,.,.,.,
I714,r0,.,.,.,.,.,.,.,.,.,.,r0,.,r0,r0,r0,r0,.,r0,r0,r0,.,.,.,.,.,.,
I715,r0,.,.,.,.,.,.,.,.,.,.,r0,.,r0,r0,r0,r0,.,r0,r0,r0,.,.,.,.,.,.,
I716,r0,.,.,.,.,.,.,.,.,.,.,r0,.,r0,r0,r0,r0,.,r0,r0,r0,.,.,.,.,.,.,
I717,.,.,.,.,.,.,.,.,.,.,.,.,.,.,.,s337,s338,.,s339,s340,s341,.,.,.,s843,.,.,
I718,.,.,.,.,.,.,.,.,.,.,.,s844,.,.,.,s553,s554,.,s555,s556,s557,.,.,.,s703,.,.,
I719,r0,r0,r0,.,.,r0,.,r0,.,.,.,r0,.,r0,r0,r0,r0,.,r0,r0,r0,.,.,.,.,.,.,
I720,r0,r0,r0,.,.,r0,.,r0,.,.,.,r0,.,r0,r0,r0,r0,.,r0,r0,r0,.,.,.,.,.,.,
I721,r0,r0,r0,.,.,r0,.,r0,.,.,.,r0,.,r0,r0,r0,r0,.,r0,r0,r0,.,.,.,.,.,.,
I722,.,.,.,.,.,.,.,.,.,.,.,.,.,s845,.,.,.,.,.,.,.,.,.,.,.,.,.,
I723,.,.,.,.,.,.,.,.,.,.,.,s847,.,.,s846,s724,s725,.,s726,s727,s728,.,.,.,s848,.,.,
I724,.,.,.,.,.,.,.,.,.,.,.,.,.,.,.,s251,s252,.,s253,s254,s255,.,.,.,s849,.,.,
I725,r0,r0,r0,.,.,r0,.,r0,.,.,.,r0,.,r0,r0,r0,r0,s850,r0,r0,r0,.,.,.,.,.,.,
I726,r0,r0,r0,.,.,r0,.,r0,.,.,.,r0,.,r0,r0,r0,r0,.,r0,r0,r0,.,.,.,.,.,.,
I727,r0,r0,r0,.,.,r0,.,r0,.,.,.,r0,.,r0,r0,r0,r0,.,r0,r0,r0,.,.,.,.,.,.,
I728,r0,r0,r0,.,.,r0,.,r0,.,.,.,r0,.,r0,r0,r0,r0,.,r0,r0,r0,.,.,.,.,.,.,
I729,r0,r0,r0,.,.,r0,.,r0,.,.,.,r0,.,r0,r0,r0,r0,.,r0,r0,r0,.,.,.,.,.,.,
I730,r0,r0,r0,.,.,r0,.,r0,.,.,.,r0,.,r0,r0,r0,r0,.,r0,r0,r0,.,.,.,.,.,.,
I731,.,.,.,.,.,.,.,.,.,.,.,.,.,s851,.,.,.,.,.,.,.,.,.,.,.,.,.,
I732,r0,r0,r0,.,.,r0,.,r0,.,.,.,r0,.,r0,r0,r0s581,r0s582,.,r0s583,r0s584,r0s585,.,.,.,s732,.,.,
I733,.,.,.,.,.,.,.,.,.,.,.,.,.,.,.,s463,s464,.,s465,s466,s467,.,.,.,s852,.,.,
I734,.,.,.,.,.,.,.,.,.,.,.,s853,.,s470,.,s581,s582,.,s583,s584,s585,.,.,.,s732,.,s854,
I735,r0,r0,r0,.,.,r0,.,r0,.,.,.,r0,.,r0,r0,r0,r0,.,r0,r0,r0,.,.,.,.,.,.,
I736,.,.,.,.,.,.,.,.,.,.,.,s856,.,.,s855,s261,s262,.,s263,s264,s265,.,.,.,s353,.,.,
I737,r0,r0,r0,.,.,r0,.,r0,.,.,.,r0,.,r0,r0,r0,r0,.,r0,r0,r0,.,.,.,.,.,.,
I738,r0,r0,r0,.,.,r0,.,r0,.,.,.,r0,.,r0,r0,r0s589,r0s590,.,r0s591,r0s592,r0s593,.,.,.,s738,.,.,
I739,.,.,.,.,.,.,.,.,.,.,.,s857,.,s596,.,s589,s590,.,s591,s592,s593,.,.,.,s738,.,s858,
I740,r0,r0,r0,.,.,r0,.,r0,.,.,.,r0,.,r0,r0,r0,r0,.,r0,r0,r0,.,.,.,.,.,.,
I741,.,.,.,.,.,.,.,.,.,.,.,.,.,.,.,s364,s365,.,s366,s367,s368,.,.,.,s859,.,.,
I742,.,.,.,.,.,.,.,.,.,.,.,s860,.,.,.,s589,s590,.,s591,s592,s593,.,.,.,s738,.,.,
I743,r0,r0,r0,.,.,r0,.,r0,.,.,.,r0,.,r0,.,r0,r0,.,r0,r0,r0,.,.,.,.,.,.,
I744,r0,r0,r0,.,.,r0,.,r0,.,.,.,r0,.,r0,r0,r0s598,r0s599,.,r0s600,r0s601,r0s602,.,.,.,s744,.,.,
I745,.,.,.,.,.,.,.,.,.,.,.,s861,.,s605,.,s746,s747,.,s748,s749,s750,.,.,.,s863,.,s862,
I746,.,.,.,.,.,.,.,.,.,.,.,.,.,.,.,s746,s747,.,s748,s749,s750,.,.,.,s864,.,.,
I747,r0,r0,r0,.,.,r0,.,r0,.,.,.,r0,.,r0,r0,r0,r0,s865,r0,r0,r0,.,.,.,.,.,.,
I748,r0,r0,r0,.,.,r0,.,r0,.,.,.,r0,.,r0,r0,r0,r0,.,r0,r0,r0,.,.,.,.,.,.,
I749,r0,r0,r0,.,.,r0,.,r0,.,.,.,r0,.,r0,r0,r0,r0,.,r0,r0,r0,.,.,.,.,.,.,
I750,r0,r0,r0,.,.,r0,.,r0,.,.,.,r0,.,r0,r0,r0,r0,.,r0,r0,r0,.,.,.,.,.,.,
I751,r0,r0,r0,.,.,r0,.,r0,.,.,.,r0,.,r0,r0,r0,r0,.,r0,r0,r0,.,.,.,.,.,.,
I752,.,.,.,.,.,.,.,.,.,.,.,.,.,.,.,s364,s365,.,s366,s367,s368,.,.,.,s866,.,.,
I753,.,.,.,.,.,.,.,.,.,.,.,s867,.,.,.,s589,s590,.,s591,s592,s593,.,.,.,s738,.,.,
I754,.,.,.,.,.,.,.,.,.,.,.,s869,.,.,s868,s275,s276,.,s277,s278,s279,.,.,.,s373,.,.,
I755,.,.,.,r0,.,.,.,.,.,.,.,r0,.,r0,r0,r0,r0,.,r0,r0,r0,.,.,.,.,.,.,
I756,.,.,.,r0,.,.,.,.,.,.,.,r0,.,r0,r0,r0s608,r0s609,.,r0s610,r0s611,r0s612,.,.,.,s756,.,.,
I757,.,.,.,.,.,.,.,.,.,.,.,s870,.,s615,.,s608,s609,.,s610,s611,s612,.,.,.,s756,.,s871,
I758,.,.,.,r0,.,.,.,.,.,.,.,r0,.,r0,r0,r0,r0,.,r0,r0,r0,.,.,.,.,.,.,
I759,.,.,.,.,.,.,.,.,.,.,.,.,.,.,.,s384,s385,.,s386,s387,s388,.,.,.,s872,.,.,
I760,.,.,.,.,.,.,.,.,.,.,.,s873,.,.,.,s608,s609,.,s610,s611,s612,.,.,.,s756,.,.,
I761,.,.,.,r0,.,.,.,.,.,.,.,r0,.,r0,.,r0,r0,.,r0,r0,r0,.,.,.,.,.,.,
I762,.,.,.,r0,.,.,.,.,.,.,.,r0,.,r0,r0,r0s617,r0s618,.,r0s619,r0s620,r0s621,.,.,.,s762,.,.,
I763,.,.,.,.,.,.,.,.,.,.,.,s874,.,s624,.,s764,s765,.,s766,s767,s768,.,.,.,s876,.,s875,
I764,.,.,.,.,.,.,.,.,.,.,.,.,.,.,.,s764,s765,.,s766,s767,s768,.,.,.,s877,.,.,
I765,.,.,.,r0,.,.,.,.,.,.,.,r0,.,r0,r0,r0,r0,s878,r0,r0,r0,.,.,.,.,.,.,
I766,.,.,.,r0,.,.,.,.,.,.,.,r0,.,r0,r0,r0,r0,.,r0,r0,r0,.,.,.,.,.,.,
I767,.,.,.,r0,.,.,.,.,.,.,.,r0,.,r0,r0,r0,r0,.,r0,r0,r0,.,.,.,.,.,.,
I768,.,.,.,r0,.,.,.,.,.,.,.,r0,.,r0,r0,r0,r0,.,r0,r0,r0,.,.,.,.,.,.,
I769,.,.,.,r0,.,.,.,.,.,.,.,r0,.,r0,r0,r0,r0,.,r0,r0,r0,.,.,.,.,.,.,
I770,.,.,.,.,.,.,.,.,.,.,.,.,.,.,.,s384,s385,.,s386,s387,s388,.,.,.,s879,.,.,
I771,.,.,.,.,.,.,.,.,.,.,.,s880,.,.,.,s608,s609,.,s610,s611,s612,.,.,.,s756,.,.,
I772,.,.,.,.,.,.,.,.,.,.,.,s882,.,.,s881,s287,s288,.,s289,s290,s291,.,.,.,s392,.,.,
I773,.,.,.,.,.,.,r0,.,.,.,.,r0,.,r0,r0,r0,r0,.,r0,r0,r0,.,.,.,.,.,.,
I774,.,.,.,.,.,.,r0,.,.,.,.,r0,.,r0,r0,r0s627,r0s628,.,r0s629,r0s630,r0s631,.,.,.,s774,.,.,
I775,.,.,.,.,.,.,.,.,.,.,.,s883,.,s634,.,s627,s628,.,s629,s630,s631,.,.,.,s774,.,s884,
I776,.,.,.,.,.,.,r0,.,.,.,.,r0,.,r0,r0,r0,r0,.,r0,r0,r0,.,.,.,.,.,.,
I777,.,.,.,.,.,.,.,.,.,.,.,.,.,.,.,s403,s404,.,s405,s406,s407,.,.,.,s885,.,.,
I778,.,.,.,.,.,.,.,.,.,.,.,s886,.,.,.,s627,s628,.,s629,s630,s631,.,.,.,s774,.,.,
I779,.,.,.,.,.,.,r0,.,.,.,.,r0,.,r0,.,r0,r0,.,r0,r0,r0,.,.,.,.,.,.,
I780,.,.,.,.,.,.,r0,.,.,.,.,r0,.,r0,r0,r0s636,r0s637,.,r0s638,r0s639,r0s640,.,.,.,s780,.,.,
I781,.,.,.,.,.,.,.,.,.,.,.,s887,.,s643,.,s782,s783,.,s784,s785,s786,.,.,.,s889,.,s888,
I782,.,.,.,.,.,.,.,.,.,.,.,.,.,.,.,s782,s783,.,s784,s785,s786,.,.,.,s890,.,.,
I783,.,.,.,.,.,.,r0,.,.,.,.,r0,.,r0,r0,r0,r0,s891,r0,r0,r0,.,.,.,.,.,.,
I784,.,.,.,.,.,.,r0,.,.,.,.,r0,.,r0,r0,r0,r0,.,r0,r0,r0,.,.,.,.,.,.,
I785,.,.,.,.,.,.,r0,.,.,.,.,r0,.,r0,r0,r0,r0,.,r0,r0,r0,.,.,.,.,.,.,
I786,.,.,.,.,.,.,r0,.,.,.,.,r0,.,r0,r0,r0,r0,.,r0,r0,r0,.,.,.,.,.,.,
I787,.,.,.,.,.,.,r0,.,.,.,.,r0,.,r0,r0,r0,r0,.,r0,r0,r0,.,.,.,.,.,.,
I788,.,.,.,.,.,.,.,.,.,.,.,.,.,.,.,s403,s404,.,s405,s406,s407,.,.,.,s892,.,.,
I789,.,.,.,.,.,.,.,.,.,.,.,s893,.,.,.,s627,s628,.,s629,s630,s631,.,.,.,s774,.,.,
I790,.,.,.,.,.,.,.,.,r0,.,.,r0,.,r0,r0,r0,r0,.,r0,r0,r0,.,.,.,.,.,.,
I791,.,.,.,.,.,.,.,.,.,.,.,.,.,s894,.,.,.,.,.,.,.,.,.,.,.,.,.,
I792,.,.,.,.,.,.,.,.,r0,.,.,r0,.,r0,r0,r0s648,r0s649,.,r0s650,r0s651,r0s652,.,.,.,s792,.,.,
I793,.,.,.,.,.,.,.,.,.,.,.,.,.,.,.,s896,s897,.,s898,s899,s900,.,.,.,s895,.,.,
I794,.,.,.,.,.,.,.,.,.,.,.,s901,.,s903,.,s648,s649,.,s650,s651,s652,.,.,.,s792,.,s902,
I795,.,.,.,.,.,.,.,.,r0,.,.,r0,.,r0,r0,r0,r0,.,r0,r0,r0,.,.,.,.,.,.,
I796,.,.,.,.,.,.,.,.,.,.,.,.,.,.,.,s905,s906,.,s907,s908,s909,.,.,.,s904,.,.,
I797,.,.,.,.,.,.,.,.,r0,.,.,r0,.,r0,.,r0,r0,.,r0,r0,r0,.,.,.,.,.,.,
I798,.,.,.,.,.,.,.,.,r0,.,.,r0,.,r0,.,r0,r0,.,r0,r0,r0,.,.,.,.,.,.,
I799,.,.,.,.,.,.,.,.,r0,.,.,r0,.,r0,r0,r0s657,r0s658,.,r0s659,r0s660,r0s661,.,.,.,s799,.,.,
I800,.,.,.,.,.,.,.,.,.,.,.,s910,.,s912,.,s648,s649,.,s650,s651,s652,.,.,.,s792,.,s911,
I801,.,.,.,.,.,.,.,.,r0,.,.,r0,.,r0,r0,r0,r0,.,r0,r0,r0,.,.,.,.,.,.,
I802,.,.,.,.,.,.,.,.,.,.,r0,r0,.,r0,r0,r0,r0,.,r0,r0,r0,.,.,.,.,.,.,
I803,.,.,.,.,.,.,.,.,.,.,.,.,.,s913,.,.,.,.,.,.,.,.,.,.,.,.,.,
I804,.,.,.,.,.,.,.,.,.,.,r0,r0,.,r0,r0,r0s667,r0s668,.,r0s669,r0s670,r0s671,.,.,.,s804,.,.,
I805,.,.,.,.,.,.,.,.,.,.,.,.,.,.,.,s915,s916,.,s917,s918,s919,.,.,.,s914,.,.,
I806,.,.,.,.,.,.,.,.,.,.,.,s920,.,s922,.,s667,s668,.,s669,s670,s671,.,.,.,s804,.,s921,
I807,.,.,.,.,.,.,.,.,.,.,r0,r0,.,r0,r0,r0,r0,.,r0,r0,r0,.,.,.,.,.,.,
I808,.,.,.,.,.,.,.,.,.,.,.,.,.,.,.,s924,s925,.,s926,s927,s928,.,.,.,s923,.,.,
I809,.,.,.,.,.,.,.,.,.,.,r0,r0,.,r0,.,r0,r0,.,r0,r0,r0,.,.,.,.,.,.,
I810,.,.,.,.,.,.,.,.,.,.,r0,r0,.,r0,.,r0,r0,.,r0,r0,r0,.,.,.,.,.,.,
I811,.,.,.,.,.,.,.,.,.,.,r0,r0,.,r0,r0,r0s676,r0s677,.,r0s678,r0s679,r0s680,.,.,.,s811,.,.,
I812,.,.,.,.,.,.,.,.,.,.,.,s929,.,s931,.,s667,s668,.,s669,s670,s671,.,.,.,s804,.,s930,
I813,.,.,.,.,.,.,.,.,.,.,r0,r0,.,r0,r0,r0,r0,.,r0,r0,r0,.,.,.,.,.,.,
I814,.,.,.,.,.,.,.,.,.,.,.,s933,.,.,s932,s313,s314,.,s315,s316,s317,.,.,.,s432,.,.,
I815,.,.,r0,.,.,r0,.,.,.,r0,.,r0,.,r0,r0,r0,r0,.,r0,r0,r0,.,.,.,.,.,.,
I816,.,.,r0,.,.,r0,.,.,.,r0,.,r0,.,r0,r0,r0s684,r0s685,.,r0s686,r0s687,r0s688,.,.,.,s816,.,.,
I817,.,.,.,.,.,.,.,.,.,.,.,s934,.,s691,.,s684,s685,.,s686,s687,s688,.,.,.,s816,.,s935,
I818,.,.,r0,.,.,r0,.,.,.,r0,.,r0,.,r0,r0,r0,r0,.,r0,r0,r0,.,.,.,.,.,.,
I819,.,.,.,.,.,.,.,.,.,.,.,.,.,.,.,s443,s444,.,s445,s446,s447,.,.,.,s936,.,.,
I820,.,.,.,.,.,.,.,.,.,.,.,s937,.,.,.,s684,s685,.,s686,s687,s688,.,.,.,s816,.,.,
I821,.,.,r0,.,.,r0,.,.,.,r0,.,r0,.,r0,.,r0,r0,.,r0,r0,r0,.,.,.,.,.,.,
I822,.,.,r0,.,.,r0,.,.,.,r0,.,r0,.,r0,r0,r0s693,r0s694,.,r0s695,r0s696,r0s697,.,.,.,s822,.,.,
I823,.,.,.,.,.,.,.,.,.,.,.,s938,.,s700,.,s824,s825,.,s826,s827,s828,.,.,.,s940,.,s939,
I824,.,.,.,.,.,.,.,.,.,.,.,.,.,.,.,s824,s825,.,s826,s827,s828,.,.,.,s941,.,.,
I825,.,.,r0,.,.,r0,.,.,.,r0,.,r0,.,r0,r0,r0,r0,s942,r0,r0,r0,.,.,.,.,.,.,
I826,.,.,r0,.,.,r0,.,.,.,r0,.,r0,.,r0,r0,r0,r0,.,r0,r0,r0,.,.,.,.,.,.,
I827,.,.,r0,.,.,r0,.,.,.,r0,.,r0,.,r0,r0,r0,r0,.,r0,r0,r0,.,.,.,.,.,.,
I828,.,.,r0,.,.,r0,.,.,.,r0,.,r0,.,r0,r0,r0,r0,.,r0,r0,r0,.,.,.,.,.,.,
I829,.,.,r0,.,.,r0,.,.,.,r0,.,r0,.,r0,r0,r0,r0,.,r0,r0,r0,.,.,.,.,.,.,
I830,.,.,.,.,.,.,.,.,.,.,.,.,.,.,.,s443,s444,.,s445,s446,s447,.,.,.,s943,.,.,
I831,.,.,.,.,.,.,.,.,.,.,.,s944,.,.,.,s684,s685,.,s686,s687,s688,.,.,.,s816,.,.,
I832,r0,.,.,.,.,.,.,.,.,.,.,r0,.,r0,r0,r0,r0,.,r0,r0,r0,.,.,.,.,.,.,
I833,r0,.,.,.,.,.,.,.,.,.,.,r0,.,r0,r0,r0,r0,.,r0,r0,r0,.,.,.,.,.,.,
I834,r0,.,.,.,.,.,.,.,.,.,.,r0,.,r0,r0,r0,r0,.,r0,r0,r0,.,.,.,.,.,.,
I835,.,.,.,.,.,.,.,.,.,.,.,.,.,s945,.,.,.,.,.,.,.,.,.,.,.,.,.,
I836,.,.,.,.,.,.,.,.,.,.,.,s947,.,.,s946,s337,s338,.,s339,s340,s341,.,.,.,s458,.,.,
I837,r0,.,.,.,.,.,.,.,.,.,.,r0,.,r0,r0,r0,r0,.,r0,r0,r0,.,.,.,.,.,.,
I838,r0,.,.,.,.,.,.,.,.,.,.,r0,.,r0,r0,r0,r0,.,r0,r0,r0,.,.,.,.,.,.,
I839,.,.,.,.,.,.,.,.,.,.,.,.,.,s948,.,.,.,.,.,.,.,.,.,.,.,.,.,
I840,r0,.,.,.,.,.,.,.,.,.,.,r0,.,r0,r0,r0s711,r0s712,.,r0s713,r0s714,r0s715,.,.,.,s840,.,.,
I841,.,.,.,.,.,.,.,.,.,.,.,s949,.,s560,.,s711,s712,.,s713,s714,s715,.,.,.,s840,.,s950,
I842,r0,.,.,.,.,.,.,.,.,.,.,r0,.,r0,r0,r0,r0,.,r0,r0,r0,.,.,.,.,.,.,
I843,.,.,.,.,.,.,.,.,.,.,.,s952,.,.,s951,s337,s338,.,s339,s340,s341,.,.,.,s458,.,.,
I844,r0,.,.,.,.,.,.,.,.,.,.,r0,.,r0,r0,r0,r0,.,r0,r0,r0,.,.,.,.,.,.,
I845,.,.,.,.,.,.,.,.,.,.,.,.,.,.,.,s472,s473,.,s474,s475,s476,.,.,.,s953,.,.,
I846,r0,r0,r0,.,.,r0,.,r0,.,.,.,r0,.,r0,r0,r0,r0,.,r0,r0,r0,.,.,.,.,.,.,
I847,r0,r0,r0,.,.,r0,.,r0,.,.,.,r0,.,r0,r0,r0,r0,.,r0,r0,r0,.,.,.,.,.,.,
I848,r0,r0,r0,.,.,r0,.,r0,.,.,.,r0,.,r0,r0,r0s724,r0s725,.,r0s726,r0s727,r0s728,.,.,.,s848,.,.,
I849,.,.,.,.,.,.,.,.,.,.,.,s954,.,s733,.,s251,s252,.,s253,s254,s255,.,.,.,s345,.,s955,
I850,r0,r0,r0,.,.,r0,.,r0,.,.,.,r0,.,r0,r0,r0,r0,.,r0,r0,r0,.,.,.,.,.,.,
I851,.,.,.,.,.,.,.,.,.,.,.,.,.,.,.,s472,s473,.,s474,s475,s476,.,.,.,s956,.,.,
I852,.,.,.,.,.,.,.,.,.,.,.,s957,.,.,.,s463,s464,.,s465,s466,s467,.,.,.,s572,.,.,
I853,r0,r0,r0,.,.,r0,.,r0,.,.,.,r0,.,r0,r0,r0,r0,.,r0,r0,r0,.,.,.,.,.,.,
I854,.,.,.,.,.,.,.,.,.,.,.,.,.,s958,.,.,.,.,.,.,.,.,.,.,.,.,.,
I855,r0,r0,r0,.,.,r0,.,r0,.,.,.,r0,.,r0,r0,r0,r0,.,r0,r0,r0,.,.,.,.,.,.,
I856,r0,r0,r0,.,.,r0,.,r0,.,.,.,r0,.,r0,r0,r0,r0,.,r0,r0,r0,.,.,.,.,.,.,
I857,r0,r0,r0,.,.,r0,.,r0,.,.,.,r0,.,r0,r0,r0,r0,.,r0,r0,r0,.,.,.,.,.,.,
I858,.,.,.,.,.,.,.,.,.,.,.,.,.,s959,.,.,.,.,.,.,.,.,.,.,.,.,.,
I859,.,.,.,.,.,.,.,.,.,.,.,s961,.,.,s960,s364,s365,.,s366,s367,s368,.,.,.,s487,.,.,
I860,r0,r0,r0,.,.,r0,.,r0,.,.,.,r0,.,r0,r0,r0,r0,.,r0,r0,r0,.,.,.,.,.,.,
I861,r0,r0,r0,.,.,r0,.,r0,.,.,.,r0,.,r0,r0,r0,r0,.,r0,r0,r0,.,.,.,.,.,.,
I862,.,.,.,.,.,.,.,.,.,.,.,.,.,s962,.,.,.,.,.,.,.,.,.,.,.,.,.,
I863,r0,r0,r0,.,.,r0,.,r0,.,.,.,r0,.,r0,r0,r0s746,r0s747,.,r0s748,r0s749,r0s750,.,.,.,s863,.,.,
I864,.,.,.,.,.,.,.,.,.,.,.,s963,.,s596,.,s746,s747,.,s748,s749,s750,.,.,.,s863,.,s964,
I865,r0,r0,r0,.,.,r0,.,r0,.,.,.,r0,.,r0,r0,r0,r0,.,r0,r0,r0,.,.,.,.,.,.,
I866,.,.,.,.,.,.,.,.,.,.,.,s966,.,.,s965,s364,s365,.,s366,s367,s368,.,.,.,s487,.,.,
I867,r0,r0,r0,.,.,r0,.,r0,.,.,.,r0,.,r0,r0,r0,r0,.,r0,r0,r0,.,.,.,.,.,.,
I868,.,.,.,r0,.,.,.,.,.,.,.,r0,.,r0,r0,r0,r0,.,r0,r0,r0,.,.,.,.,.,.,
I869,.,.,.,r0,.,.,.,.,.,.,.,r0,.,r0,r0,r0,r0,.,r0,r0,r0,.,.,.,.,.,.,
I870,.,.,.,r0,.,.,.,.,.,.,.,r0,.,r0,r0,r0,r0,.,r0,r0,r0,.,.,.,.,.,.,
I871,.,.,.,.,.,.,.,.,.,.,.,.,.,s967,.,.,.,.,.,.,.,.,.,.,.,.,.,
I872,.,.,.,.,.,.,.,.,.,.,.,s969,.,.,s968,s384,s385,.,s386,s387,s388,.,.,.,s499,.,.,
I873,.,.,.,r0,.,.,.,.,.,.,.,r0,.,r0,r0,r0,r0,.,r0,r0,r0,.,.,.,.,.,.,
I874,.,.,.,r0,.,.,.,.,.,.,.,r0,.,r0,r0,r0,r0,.,r0,r0,r0,.,.,.,.,.,.,
I875,.,.,.,.,.,.,.,.,.,.,.,.,.,s970,.,.,.,.,.,.,.,.,.,.,.,.,.,
I876,.,.,.,r0,.,.,.,.,.,.,.,r0,.,r0,r0,r0s764,r0s765,.,r0s766,r0s767,r0s768,.,.,.,s876,.,.,
I877,.,.,.,.,.,.,.,.,.,.,.,s971,.,s615,.,s764,s765,.,s766,s767,s768,.,.,.,s876,.,s972,
I878,.,.,.,r0,.,.,.,.,.,.,.,r0,.,r0,r0,r0,r0,.,r0,r0,r0,.,.,.,.,.,.,
I879,.,.,.,.,.,.,.,.,.,.,.,s974,.,.,s973,s384,s385,.,s386,s387,s388,.,.,.,s499,.,.,
I880,.,.,.,r0,.,.,.,.,.,.,.,r0,.,r0,r0,r0,r0,.,r0,r0,r0,.,.,.,.,.,.,
I881,.,.,.,.,.,.,r0,.,.,.,.,r0,.,r0,r0,r0,r0,.,r0,r0,r0,.,.,.,.,.,.,
I882,.,.,.,.,.,.,r0,.,.,.,.,r0,.,r0,r0,r0,r0,.,r0,r0,r0,.,.,.,.,.,.,
I883,.,.,.,.,.,.,r0,.,.,.,.,r0,.,r0,r0,r0,r0,.,r0,r0,r0,.,.,.,.,.,.,
I884,.,.,.,.,.,.,.,.,.,.,.,.,.,s975,.,.,.,.,.,.,.,.,.,.,.,.,.,
I885,.,.,.,.,.,.,.,.,.,.,.,s977,.,.,s976,s403,s404,.,s405,s406,s407,.,.,.,s511,.,.,
I886,.,.,.,.,.,.,r0,.,.,.,.,r0,.,r0,r0,r0,r0,.,r0,r0,r0,.,.,.,.,.,.,
I887,.,.,.,.,.,.,r0,.,.,.,.,r0,.,r0,r0,r0,r0,.,r0,r0,r0,.,.,.,.,.,.,
I888,.,.,.,.,.,.,.,.,.,.,.,.,.,s978,.,.,.,.,.,.,.,.,.,.,.,.,.,
I889,.,.,.,.,.,.,r0,.,.,.,.,r0,.,r0,r0,r0s782,r0s783,.,r0s784,r0s785,r0s786,.,.,.,s889,.,.,
I890,.,.,.,.,.,.,.,.,.,.,.,s979,.,s634,.,s782,s783,.,s784,s785,s786,.,.,.,s889,.,s980,
I891,.,.,.,.,.,.,r0,.,.,.,.,r0,.,r0,r0,r0,r0,.,r0,r0,r0,.,.,.,.,.,.,
I892,.,.,.,.,.,.,.,.,.,.,.,s982,.,.,s981,s403,s404,.,s405,s406,s407,.,.,.,s511,.,.,
I893,.,.,.,.,.,.,r0,.,.,.,.,r0,.,r0,r0,r0,r0,.,r0,r0,r0,.,.,.,.,.,.,
I894,.,.,.,.,.,.,.,.,.,.,.,.,.,.,.,s515,s516,.,s517,s518,s519,.,.,.,s983,.,.,
I895,.,.,.,.,.,.,.,.,.,.,.,s984,.,.,.,s896,s897,.,s898,s899,s900,.,.,.,s985,.,.,
I896,.,.,.,.,.,.,.,.,.,.,.,.,.,.,.,s896,s897,.,s898,s899,s900,.,.,.,s986,.,.,
I897,.,.,.,.,.,.,.,.,r0,.,.,r0,.,r0,r0,r0,r0,s987,r0,r0,r0,.,.,.,.,.,.,
I898,.,.,.,.,.,.,.,.,r0,.,.,r0,.,r0,r0,r0,r0,.,r0,r0,r0,.,.,.,.,.,.,
I899,.,.,.,.,.,.,.,.,r0,.,.,r0,.,r0,r0,r0,r0,.,r0,r0,r0,.,.,.,.,.,.,
I900,.,.,.,.,.,.,.,.,r0,.,.,r0,.,r0,r0,r0,r0,.,r0,r0,r0,.,.,.,.,.,.,
I901,.,.,.,.,.,.,.,.,r0,.,.,r0,.,r0,r0,r0,r0,.,r0,r0,r0,.,.,.,.,.,.,
I902,.,.,.,.,.,.,.,.,.,.,.,.,.,s988,.,.,.,.,.,.,.,.,.,.,.,.,.,
I903,.,.,.,.,.,.,.,.,.,.,.,.,.,.,.,s896,s897,.,s898,s899,s900,.,.,.,s989,.,.,
I904,.,.,.,.,.,.,.,.,.,.,.,s798,.,.,s990,s905,s906,.,s907,s908,s909,.,.,.,s991,.,.,
I905,.,.,.,.,.,.,.,.,.,.,.,.,.,.,.,s993,s994,.,s995,s996,s997,.,.,.,s992,.,.,
I906,.,.,.,.,.,.,.,.,r0,.,.,r0,.,r0,r0,r0,r0,s998,r0,r0,r0,.,.,.,.,.,.,
I907,.,.,.,.,.,.,.,.,r0,.,.,r0,.,r0,r0,r0,r0,.,r0,r0,r0,.,.,.,.,.,.,
I908,.,.,.,.,.,.,.,.,r0,.,.,r0,.,r0,r0,r0,r0,.,r0,r0,r0,.,.,.,.,.,.,
I909,.,.,.,.,.,.,.,.,r0,.,.,r0,.,r0,r0,r0,r0,.,r0,r0,r0,.,.,.,.,.,.,
I910,.,.,.,.,.,.,.,.,r0,.,.,r0,.,r0,r0,r0,r0,.,r0,r0,r0,.,.,.,.,.,.,
I911,.,.,.,.,.,.,.,.,.,.,.,.,.,s999,.,.,.,.,.,.,.,.,.,.,.,.,.,
I912,.,.,.,.,.,.,.,.,.,.,.,.,.,.,.,s896,s897,.,s898,s899,s900,.,.,.,s1000,.,.,
I913,.,.,.,.,.,.,.,.,.,.,.,.,.,.,.,s528,s529,.,s530,s531,s532,.,.,.,s1001,.,.,
I914,.,.,.,.,.,.,.,.,.,.,.,s1002,.,.,.,s915,s916,.,s917,s918,s919,.,.,.,s1003,.,.,
I915,.,.,.,.,.,.,.,.,.,.,.,.,.,.,.,s915,s916,.,s917,s918,s919,.,.,.,s1004,.,.,
I916,.,.,.,.,.,.,.,.,.,.,r0,r0,.,r0,r0,r0,r0,s1005,r0,r0,r0,.,.,.,.,.,.,
I917,.,.,.,.,.,.,.,.,.,.,r0,r0,.,r0,r0,r0,r0,.,r0,r0,r0,.,.,.,.,.,.,
I918,.,.,.,.,.,.,.,.,.,.,r0,r0,.,r0,r0,r0,r0,.,r0,r0,r0,.,.,.,.,.,.,
I919,.,.,.,.,.,.,.,.,.,.,r0,r0,.,r0,r0,r0,r0,.,r0,r0,r0,.,.,.,.,.,.,
I920,.,.,.,.,.,.,.,.,.,.,r0,r0,.,r0,r0,r0,r0,.,r0,r0,r0,.,.,.,.,.,.,
I921,.,.,.,.,.,.,.,.,.,.,.,.,.,s1006,.,.,.,.,.,.,.,.,.,.,.,.,.,
I922,.,.,.,.,.,.,.,.,.,.,.,.,.,.,.,s915,s916,.,s917,s918,s919,.,.,.,s1007,.,.,
I923,.,.,.,.,.,.,.,.,.,.,.,s810,.,.,s1008,s924,s925,.,s926,s927,s928,.,.,.,s1009,.,.,
I924,.,.,.,.,.,.,.,.,.,.,.,.,.,.,.,s1011,s1012,.,s1013,s1014,s1015,.,.,.,s1010,.,.,
I925,.,.,.,.,.,.,.,.,.,.,r0,r0,.,r0,r0,r0,r0,s1016,r0,r0,r0,.,.,.,.,.,.,
I926,.,.,.,.,.,.,.,.,.,.,r0,r0,.,r0,r0,r0,r0,.,r0,r0,r0,.,.,.,.,.,.,
I927,.,.,.,.,.,.,.,.,.,.,r0,r0,.,r0,r0,r0,r0,.,r0,r0,r0,.,.,.,.,.,.,
I928,.,.,.,.,.,.,.,.,.,.,r0,r0,.,r0,r0,r0,r0,.,r0,r0,r0,.,.,.,.,.,.,
I929,.,.,.,.,.,.,.,.,.,.,r0,r0,.,r0,r0,r0,r0,.,r0,r0,r0,.,.,.,.,.,.,
I930,.,.,.,.,.,.,.,.,.,.,.,.,.,s1017,.,.,.,.,.,.,.,.,.,.,.,.,.,
I931,.,.,.,.,.,.,.,.,.,.,.,.,.,.,.,s915,s916,.,s917,s918,s919,.,.,.,s1018,.,.,
I932,.,.,r0,.,.,r0,.,.,.,r0,.,r0,.,r0,r0,r0,r0,.,r0,r0,r0,.,.,.,.,.,.,
I933,.,.,r0,.,.,r0,.,.,.,r0,.,r0,.,r0,r0,r0,r0,.,r0,r0,r0,.,.,.,.,.,.,
I934,.,.,r0,.,.,r0,.,.,.,r0,.,r0,.,r0,r0,r0,r0,.,r0,r0,r0,.,.,.,.,.,.,
I935,.,.,.,.,.,.,.,.,.,.,.,.,.,s1019,.,.,.,.,.,.,.,.,.,.,.,.,.,
I936,.,.,.,.,.,.,.,.,.,.,.,s1021,.,.,s1020,s443,s444,.,s445,s446,s447,.,.,.,s548,.,.,
I937,.,.,r0,.,.,r0,.,.,.,r0,.,r0,.,r0,r0,r0,r0,.,r0,r0,r0,.,.,.,.,.,.,
I938,.,.,r0,.,.,r0,.,.,.,r0,.,r0,.,r0,r0,r0,r0,.,r0,r0,r0,.,.,.,.,.,.,
I939,.,.,.,.,.,.,.,.,.,.,.,.,.,s1022,.,.,.,.,.,.,.,.,.,.,.,.,.,
I940,.,.,r0,.,.,r0,.,.,.,r0,.,r0,.,r0,r0,r0s824,r0s825,.,r0s826,r0s827,r0s828,.,.,.,s940,.,.,
I941,.,.,.,.,.,.,.,.,.,.,.,s1023,.,s691,.,s824,s825,.,s826,s827,s828,.,.,.,s940,.,s1024,
I942,.,.,r0,.,.,r0,.,.,.,r0,.,r0,.,r0,r0,r0,r0,.,r0,r0,r0,.,.,.,.,.,.,
I943,.,.,.,.,.,.,.,.,.,.,.,s1026,.,.,s1025,s443,s444,.,s445,s446,s447,.,.,.,s548,.,.,
I944,.,.,r0,.,.,r0,.,.,.,r0,.,r0,.,r0,r0,r0,r0,.,r0,r0,r0,.,.,.,.,.,.,
I945,.,.,.,.,.,.,.,.,.,.,.,.,.,.,.,s562,s563,.,s564,s565,s566,.,.,.,s1027,.,.,
I946,r0,.,.,.,.,.,.,.,.,.,.,r0,.,r0,r0,r0,r0,.,r0,r0,r0,.,.,.,.,.,.,
I947,r0,.,.,.,.,.,.,.,.,.,.,r0,.,r0,r0,r0,r0,.,r0,r0,r0,.,.,.,.,.,.,
I948,.,.,.,.,.,.,.,.,.,.,.,.,.,.,.,s562,s563,.,s564,s565,s566,.,.,.,s1028,.,.,
I949,r0,.,.,.,.,.,.,.,.,.,.,r0,.,r0,r0,r0,r0,.,r0,r0,r0,.,.,.,.,.,.,
I950,.,.,.,.,.,.,.,.,.,.,.,.,.,s1029,.,.,.,.,.,.,.,.,.,.,.,.,.,
I951,r0,.,.,.,.,.,.,.,.,.,.,r0,.,r0,r0,r0,r0,.,r0,r0,r0,.,.,.,.,.,.,
I952,r0,.,.,.,.,.,.,.,.,.,.,r0,.,r0,r0,r0,r0,.,r0,r0,r0,.,.,.,.,.,.,
I953,.,.,.,.,.,.,.,.,.,.,.,s847,.,.,s1030,s472,s473,.,s474,s475,s476,.,.,.,s579,.,.,
I954,r0,r0,r0,.,.,r0,.,r0,.,.,.,r0,.,r0,r0,r0,r0,.,r0,r0,r0,.,.,.,.,.,.,
I955,.,.,.,.,.,.,.,.,.,.,.,.,.,s1031,.,.,.,.,.,.,.,.,.,.,.,.,.,
I956,.,.,.,.,.,.,.,.,.,.,.,s1033,.,.,s1032,s472,s473,.,s474,s475,s476,.,.,.,s579,.,.,
I957,r0,r0,r0,.,.,r0,.,r0,.,.,.,r0,.,r0,r0,r0,r0,.,r0,r0,r0,.,.,.,.,.,.,
I958,.,.,.,.,.,.,.,.,.,.,.,.,.,.,.,s472,s473,.,s474,s475,s476,.,.,.,s1034,.,.,
I959,.,.,.,.,.,.,.,.,.,.,.,.,.,.,.,s598,s599,.,s600,s601,s602,.,.,.,s1035,.,.,
I960,r0,r0,r0,.,.,r0,.,r0,.,.,.,r0,.,r0,r0,r0,r0,.,r0,r0,r0,.,.,.,.,.,.,
I961,r0,r0,r0,.,.,r0,.,r0,.,.,.,r0,.,r0,r0,r0,r0,.,r0,r0,r0,.,.,.,.,.,.,
I962,.,.,.,.,.,.,.,.,.,.,.,.,.,.,.,s598,s599,.,s600,s601,s602,.,.,.,s1036,.,.,
I963,r0,r0,r0,.,.,r0,.,r0,.,.,.,r0,.,r0,r0,r0,r0,.,r0,r0,r0,.,.,.,.,.,.,
I964,.,.,.,.,.,.,.,.,.,.,.,.,.,s1037,.,.,.,.,.,.,.,.,.,.,.,.,.,
I965,r0,r0,r0,.,.,r0,.,r0,.,.,.,r0,.,r0,r0,r0,r0,.,r0,r0,r0,.,.,.,.,.,.,
I966,r0,r0,r0,.,.,r0,.,r0,.,.,.,r0,.,r0,r0,r0,r0,.,r0,r0,r0,.,.,.,.,.,.,
I967,.,.,.,.,.,.,.,.,.,.,.,.,.,.,.,s617,s618,.,s619,s620,s621,.,.,.,s1038,.,.,
I968,.,.,.,r0,.,.,.,.,.,.,.,r0,.,r0,r0,r0,r0,.,r0,r0,r0,.,.,.,.,.,.,
I969,.,.,.,r0,.,.,.,.,.,.,.,r0,.,r0,r0,r0,r0,.,r0,r0,r0,.,.,.,.,.,.,
I970,.,.,.,.,.,.,.,.,.,.,.,.,.,.,.,s617,s618,.,s619,s620,s621,.,.,.,s1039,.,.,
I971,.,.,.,r0,.,.,.,.,.,.,.,r0,.,r0,r0,r0,r0,.,r0,r0,r0,.,.,.,.,.,.,
I972,.,.,.,.,.,.,.,.,.,.,.,.,.,s1040,.,.,.,.,.,.,.,.,.,.,.,.,.,
I973,.,.,.,r0,.,.,.,.,.,.,.,r0,.,r0,r0,r0,r0,.,r0,r0,r0,.,.,.,.,.,.,
I974,.,.,.,r0,.,.,.,.,.,.,.,r0,.,r0,r0,r0,r0,.,r0,r0,r0,.,.,.,.,.,.,
I975,.,.,.,.,.,.,.,.,.,.,.,.,.,.,.,s636,s637,.,s638,s639,s640,.,.,.,s1041,.,.,
I976,.,.,.,.,.,.,r0,.,.,.,.,r0,.,r0,r0,r0,r0,.,r0,r0,r0,.,.,.,.,.,.,
I977,.,.,.,.,.,.,r0,.,.,.,.,r0,.,r0,r0,r0,r0,.,r0,r0,r0,.,.,.,.,.,.,
I978,.,.,.,.,.,.,.,.,.,.,.,.,.,.,.,s636,s637,.,s638,s639,s640,.,.,.,s1042,.,.,
I979,.,.,.,.,.,.,r0,.,.,.,.,r0,.,r0,r0,r0,r0,.,r0,r0,r0,.,.,.,.,.,.,
I980,.,.,.,.,.,.,.,.,.,.,.,.,.,s1043,.,.,.,.,.,.,.,.,.,.,.,.,.,
I981,.,.,.,.,.,.,r0,.,.,.,.,r0,.,r0,r0,r0,r0,.,r0,r0,r0,.,.,.,.,.,.,
I982,.,.,.,.,.,.,r0,.,.,.,.,r0,.,r0,r0,r0,r0,.,r0,r0,r0,.,.,.,.,.,.,
I983,.,.,.,.,.,.,.,.,.,.,.,s1045,.,.,s1044,s515,s516,.,s517,s518,s519,.,.,.,s646,.,.,
I984,.,.,.,.,.,.,.,.,r0,.,.,r0,.,r0,r0,r0,r0,.,r0,r0,r0,.,.,.,.,.,.,
I985,.,.,.,.,.,.,.,.,r0,.,.,r0,.,r0,r0,r0s896,r0s897,.,r0s898,r0s899,r0s900,.,.,.,s985,.,.,
I986,.,.,.,.,.,.,.,.,.,.,.,s1046,.,s903,.,s896,s897,.,s898,s899,s900,.,.,.,s985,.,s1047,
I987,.,.,.,.,.,.,.,.,r0,.,.,r0,.,r0,r0,r0,r0,.,r0,r0,r0,.,.,.,.,.,.,
I988,.,.,.,.,.,.,.,.,.,.,.,.,.,.,.,s657,s658,.,s659,s660,s661,.,.,.,s1048,.,.,
I989,.,.,.,.,.,.,.,.,.,.,.,s1049,.,.,.,s896,s897,.,s898,s899,s900,.,.,.,s985,.,.,
I990,.,.,.,.,.,.,.,.,r0,.,.,r0,.,r0,.,r0,r0,.,r0,r0,r0,.,.,.,.,.,.,
I991,.,.,.,.,.,.,.,.,r0,.,.,r0,.,r0,r0,r0s905,r0s906,.,r0s907,r0s908,r0s909,.,.,.,s991,.,.,
I992,.,.,.,.,.,.,.,.,.,.,.,s1050,.,s912,.,s993,s994,.,s995,s996,s997,.,.,.,s1052,.,s1051,
I993,.,.,.,.,.,.,.,.,.,.,.,.,.,.,.,s993,s994,.,s995,s996,s997,.,.,.,s1053,.,.,
I994,.,.,.,.,.,.,.,.,r0,.,.,r0,.,r0,r0,r0,r0,s1054,r0,r0,r0,.,.,.,.,.,.,
I995,.,.,.,.,.,.,.,.,r0,.,.,r0,.,r0,r0,r0,r0,.,r0,r0,r0,.,.,.,.,.,.,
I996,.,.,.,.,.,.,.,.,r0,.,.,r0,.,r0,r0,r0,r0,.,r0,r0,r0,.,.,.,.,.,.,
I997,.,.,.,.,.,.,.,.,r0,.,.,r0,.,r0,r0,r0,r0,.,r0,r0,r0,.,.,.,.,.,.,
I998,.,.,.,.,.,.,.,.,r0,.,.,r0,.,r0,r0,r0,r0,.,r0,r0,r0,.,.,.,.,.,.,
I999,.,.,.,.,.,.,.,.,.,.,.,.,.,.,.,s657,s658,.,s659,s660,s661,.,.,.,s1055,.,.,
I1000,.,.,.,.,.,.,.,.,.,.,.,s1056,.,.,.,s896,s897,.,s898,s899,s900,.,.,.,s985,.,.,
I1001,.,.,.,.,.,.,.,.,.,.,.,s1058,.,.,s1057,s528,s529,.,s530,s531,s532,.,.,.,s665,.,.,
I1002,.,.,.,.,.,.,.,.,.,.,r0,r0,.,r0,r0,r0,r0,.,r0,r0,r0,.,.,.,.,.,.,
I1003,.,.,.,.,.,.,.,.,.,.,r0,r0,.,r0,r0,r0s915,r0s916,.,r0s917,r0s918,r0s919,.,.,.,s1003,.,.,
I1004,.,.,.,.,.,.,.,.,.,.,.,s1059,.,s922,.,s915,s916,.,s917,s918,s919,.,.,.,s1003,.,s1060,
I1005,.,.,.,.,.,.,.,.,.,.,r0,r0,.,r0,r0,r0,r0,.,r0,r0,r0,.,.,.,.,.,.,
I1006,.,.,.,.,.,.,.,.,.,.,.,.,.,.,.,s676,s677,.,s678,s679,s680,.,.,.,s1061,.,.,
I1007,.,.,.,.,.,.,.,.,.,.,.,s1062,.,.,.,s915,s916,.,s917,s918,s919,.,.,.,s1003,.,.,
I1008,.,.,.,.,.,.,.,.,.,.,r0,r0,.,r0,.,r0,r0,.,r0,r0,r0,.,.,.,.,.,.,
I1009,.,.,.,.,.,.,.,.,.,.,r0,r0,.,r0,r0,r0s924,r0s925,.,r0s926,r0s927,r0s928,.,.,.,s1009,.,.,
I1010,.,.,.,.,.,.,.,.,.,.,.,s1063,.,s931,.,s1011,s1012,.,s1013,s1014,s1015,.,.,.,s1065,.,s1064,
I1011,.,.,.,.,.,.,.,.,.,.,.,.,.,.,.,s1011,s1012,.,s1013,s1014,s1015,.,.,.,s1066,.,.,
I1012,.,.,.,.,.,.,.,.,.,.,r0,r0,.,r0,r0,r0,r0,s1067,r0,r0,r0,.,.,.,.,.,.,
I1013,.,.,.,.,.,.,.,.,.,.,r0,r0,.,r0,r0,r0,r0,.,r0,r0,r0,.,.,.,.,.,.,
I1014,.,.,.,.,.,.,.,.,.,.,r0,r0,.,r0,r0,r0,r0,.,r0,r0,r0,.,.,.,.,.,.,
I1015,.,.,.,.,.,.,.,.,.,.,r0,r0,.,r0,r0,r0,r0,.,r0,r0,r0,.,.,.,.,.,.,
I1016,.,.,.,.,.,.,.,.,.,.,r0,r0,.,r0,r0,r0,r0,.,r0,r0,r0,.,.,.,.,.,.,
I1017,.,.,.,.,.,.,.,.,.,.,.,.,.,.,.,s676,s677,.,s678,s679,s680,.,.,.,s1068,.,.,
I1018,.,.,.,.,.,.,.,.,.,.,.,s1069,.,.,.,s915,s916,.,s917,s918,s919,.,.,.,s1003,.,.,
I1019,.,.,.,.,.,.,.,.,.,.,.,.,.,.,.,s693,s694,.,s695,s696,s697,.,.,.,s1070,.,.,
I1020,.,.,r0,.,.,r0,.,.,.,r0,.,r0,.,r0,r0,r0,r0,.,r0,r0,r0,.,.,.,.,.,.,
I1021,.,.,r0,.,.,r0,.,.,.,r0,.,r0,.,r0,r0,r0,r0,.,r0,r0,r0,.,.,.,.,.,.,
I1022,.,.,.,.,.,.,.,.,.,.,.,.,.,.,.,s693,s694,.,s695,s696,s697,.,.,.,s1071,.,.,
I1023,.,.,r0,.,.,r0,.,.,.,r0,.,r0,.,r0,r0,r0,r0,.,r0,r0,r0,.,.,.,.,.,.,
I1024,.,.,.,.,.,.,.,.,.,.,.,.,.,s1072,.,.,.,.,.,.,.,.,.,.,.,.,.,
I1025,.,.,r0,.,.,r0,.,.,.,r0,.,r0,.,r0,r0,r0,r0,.,r0,r0,r0,.,.,.,.,.,.,
I1026,.,.,r0,.,.,r0,.,.,.,r0,.,r0,.,r0,r0,r0,r0,.,r0,r0,r0,.,.,.,.,.,.,
I1027,.,.,.,.,.,.,.,.,.,.,.,s947,.,.,s1073,s562,s563,.,s564,s565,s566,.,.,.,s709,.,.,
I1028,.,.,.,.,.,.,.,.,.,.,.,s952,.,.,s1074,s562,s563,.,s564,s565,s566,.,.,.,s709,.,.,
I1029,.,.,.,.,.,.,.,.,.,.,.,.,.,.,.,s562,s563,.,s564,s565,s566,.,.,.,s1075,.,.,
I1030,r0,r0,r0,.,.,r0,.,r0,.,.,.,r0,.,r0,r0,r0,r0,.,r0,r0,r0,.,.,.,.,.,.,
I1031,.,.,.,.,.,.,.,.,.,.,.,.,.,.,.,s724,s725,.,s726,s727,s728,.,.,.,s1076,.,.,
I1032,r0,r0,r0,.,.,r0,.,r0,.,.,.,r0,.,r0,r0,r0,r0,.,r0,r0,r0,.,.,.,.,.,.,
I1033,r0,r0,r0,.,.,r0,.,r0,.,.,.,r0,.,r0,r0,r0,r0,.,r0,r0,r0,.,.,.,.,.,.,
I1034,.,.,.,.,.,.,.,.,.,.,.,s847,.,.,s1077,s472,s473,.,s474,s475,s476,.,.,.,s579,.,.,
I1035,.,.,.,.,.,.,.,.,.,.,.,s961,.,.,s1078,s598,s599,.,s600,s601,s602,.,.,.,s744,.,.,
I1036,.,.,.,.,.,.,.,.,.,.,.,s966,.,.,s1079,s598,s599,.,s600,s601,s602,.,.,.,s744,.,.,
I1037,.,.,.,.,.,.,.,.,.,.,.,.,.,.,.,s598,s599,.,s600,s601,s602,.,.,.,s1080,.,.,
I1038,.,.,.,.,.,.,.,.,.,.,.,s969,.,.,s1081,s617,s618,.,s619,s620,s621,.,.,.,s762,.,.,
I1039,.,.,.,.,.,.,.,.,.,.,.,s974,.,.,s1082,s617,s618,.,s619,s620,s621,.,.,.,s762,.,.,
I1040,.,.,.,.,.,.,.,.,.,.,.,.,.,.,.,s617,s618,.,s619,s620,s621,.,.,.,s1083,.,.,
I1041,.,.,.,.,.,.,.,.,.,.,.,s977,.,.,s1084,s636,s637,.,s638,s639,s640,.,.,.,s780,.,.,
I1042,.,.,.,.,.,.,.,.,.,.,.,s982,.,.,s1085,s636,s637,.,s638,s639,s640,.,.,.,s780,.,.,
I1043,.,.,.,.,.,.,.,.,.,.,.,.,.,.,.,s636,s637,.,s638,s639,s640,.,.,.,s1086,.,.,
I1044,.,.,.,.,.,.,.,.,r0,.,.,r0,.,r0,r0,r0,r0,.,r0,r0,r0,.,.,.,.,.,.,
I1045,.,.,.,.,.,.,.,.,r0,.,.,r0,.,r0,r0,r0,r0,.,r0,r0,r0,.,.,.,.,.,.,
I1046,.,.,.,.,.,.,.,.,r0,.,.,r0,.,r0,r0,r0,r0,.,r0,r0,r0,.,.,.,.,.,.,
I1047,.,.,.,.,.,.,.,.,.,.,.,.,.,s1087,.,.,.,.,.,.,.,.,.,.,.,.,.,
I1048,.,.,.,.,.,.,.,.,.,.,.,s1089,.,.,s1088,s657,s658,.,s659,s660,s661,.,.,.,s799,.,.,
I1049,.,.,.,.,.,.,.,.,r0,.,.,r0,.,r0,r0,r0,r0,.,r0,r0,r0,.,.,.,.,.,.,
I1050,.,.,.,.,.,.,.,.,r0,.,.,r0,.,r0,r0,r0,r0,.,r0,r0,r0,.,.,.,.,.,.,
I1051,.,.,.,.,.,.,.,.,.,.,.,.,.,s1090,.,.,.,.,.,.,.,.,.,.,.,.,.,
I1052,.,.,.,.,.,.,.,.,r0,.,.,r0,.,r0,r0,r0s993,r0s994,.,r0s995,r0s996,r0s997,.,.,.,s1052,.,.,
I1053,.,.,.,.,.,.,.,.,.,.,.,s1091,.,s903,.,s993,s994,.,s995,s996,s997,.,.,.,s1052,.,s1092,
I1054,.,.,.,.,.,.,.,.,r0,.,.,r0,.,r0,r0,r0,r0,.,r0,r0,r0,.,.,.,.,.,.,
I1055,.,.,.,.,.,.,.,.,.,.,.,s1094,.,.,s1093,s657,s658,.,s659,s660,s661,.,.,.,s799,.,.,
I1056,.,.,.,.,.,.,.,.,r0,.,.,r0,.,r0,r0,r0,r0,.,r0,r0,r0,.,.,.,.,.,.,
I1057,.,.,.,.,.,.,.,.,.,.,r0,r0,.,r0,r0,r0,r0,.,r0,r0,r0,.,.,.,.,.,.,
I1058,.,.,.,.,.,.,.,.,.,.,r0,r0,.,r0,r0,r0,r0,.,r0,r0,r0,.,.,.,.,.,.,
I1059,.,.,.,.,.,.,.,.,.,.,r0,r0,.,r0,r0,r0,r0,.,r0,r0,r0,.,.,.,.,.,.,
I1060,.,.,.,.,.,.,.,.,.,.,.,.,.,s1095,.,.,.,.,.,.,.,.,.,.,.,.,.,
I1061,.,.,.,.,.,.,.,.,.,.,.,s1097,.,.,s1096,s676,s677,.,s678,s679,s680,.,.,.,s811,.,.,
I1062,.,.,.,.,.,.,.,.,.,.,r0,r0,.,r0,r0,r0,r0,.,r0,r0,r0,.,.,.,.,.,.,
I1063,.,.,.,.,.,.,.,.,.,.,r0,r0,.,r0,r0,r0,r0,.,r0,r0,r0,.,.,.,.,.,.,
I1064,.,.,.,.,.,.,.,.,.,.,.,.,.,s1098,.,.,.,.,.,.,.,.,.,.,.,.,.,
I1065,.,.,.,.,.,.,.,.,.,.,r0,r0,.,r0,r0,r0s1011,r0s1012,.,r0s1013,r0s1014,r0s1015,.,.,.,s1065,.,.,
I1066,.,.,.,.,.,.,.,.,.,.,.,s1099,.,s922,.,s1011,s1012,.,s1013,s1014,s1015,.,.,.,s1065,.,s1100,
I1067,.,.,.,.,.,.,.,.,.,.,r0,r0,.,r0,r0,r0,r0,.,r0,r0,r0,.,.,.,.,.,.,
I1068,.,.,.,.,.,.,.,.,.,.,.,s1102,.,.,s1101,s676,s677,.,s678,s679,s680,.,.,.,s811,.,.,
I1069,.,.,.,.,.,.,.,.,.,.,r0,r0,.,r0,r0,r0,r0,.,r0,r0,r0,.,.,.,.,.,.,
I1070,.,.,.,.,.,.,.,.,.,.,.,s1021,.,.,s1103,s693,s694,.,s695,s696,s697,.,.,.,s822,.,.,
I1071,.,.,.,.,.,.,.,.,.,.,.,s1026,.,.,s1104,s693,s694,.,s695,s696,s697,.,.,.,s822,.,.,
I1072,.,.,.,.,.,.,.,.,.,.,.,.,.,.,.,s693,s694,.,s695,s696,s697,.,.,.,s1105,.,.,
I1073,r0,.,.,.,.,.,.,.,.,.,.,r0,.,r0,r0,r0,r0,.,r0,r0,r0,.,.,.,.,.,.,
I1074,r0,.,.,.,.,.,.,.,.,.,.,r0,.,r0,r0,r0,r0,.,r0,r0,r0,.,.,.,.,.,.,
I1075,.,.,.,.,.,.,.,.,.,.,.,s947,.,.,s1106,s562,s563,.,s564,s565,s566,.,.,.,s709,.,.,
I1076,.,.,.,.,.,.,.,.,.,.,.,s1033,.,.,s1107,s724,s725,.,s726,s727,s728,.,.,.,s848,.,.,
I1077,r0,r0,r0,.,.,r0,.,r0,.,.,.,r0,.,r0,r0,r0,r0,.,r0,r0,r0,.,.,.,.,.,.,
I1078,r0,r0,r0,.,.,r0,.,r0,.,.,.,r0,.,r0,r0,r0,r0,.,r0,r0,r0,.,.,.,.,.,.,
I1079,r0,r0,r0,.,.,r0,.,r0,.,.,.,r0,.,r0,r0,r0,r0,.,r0,r0,r0,.,.,.,.,.,.,
I1080,.,.,.,.,.,.,.,.,.,.,.,s961,.,.,s1108,s598,s599,.,s600,s601,s602,.,.,.,s744,.,.,
I1081,.,.,.,r0,.,.,.,.,.,.,.,r0,.,r0,r0,r0,r0,.,r0,r0,r0,.,.,.,.,.,.,
I1082,.,.,.,r0,.,.,.,.,.,.,.,r0,.,r0,r0,r0,r0,.,r0,r0,r0,.,.,.,.,.,.,
I1083,.,.,.,.,.,.,.,.,.,.,.,s969,.,.,s1109,s617,s618,.,s619,s620,s621,.,.,.,s762,.,.,
I1084,.,.,.,.,.,.,r0,.,.,.,.,r0,.,r0,r0,r0,r0,.,r0,r0,r0,.,.,.,.,.,.,
I1085,.,.,.,.,.,.,r0,.,.,.,.,r0,.,r0,r0,r0,r0,.,r0,r0,r0,.,.,.,.,.,.,
I1086,.,.,.,.,.,.,.,.,.,.,.,s977,.,.,s1110,s636,s637,.,s638,s639,s640,.,.,.,s780,.,.,
I1087,.,.,.,.,.,.,.,.,.,.,.,.,.,.,.,s905,s906,.,s907,s908,s909,.,.,.,s1111,.,.,
I1088,.,.,.,.,.,.,.,.,r0,.,.,r0,.,r0,r0,r0,r0,.,r0,r0,r0,.,.,.,.,.,.,
I1089,.,.,.,.,.,.,.,.,r0,.,.,r0,.,r0,r0,r0,r0,.,r0,r0,r0,.,.,.,.,.,.,
I1090,.,.,.,.,.,.,.,.,.,.,.,.,.,.,.,s905,s906,.,s907,s908,s909,.,.,.,s1112,.,.,
I1091,.,.,.,.,.,.,.,.,r0,.,.,r0,.,r0,r0,r0,r0,.,r0,r0,r0,.,.,.,.,.,.,
I1092,.,.,.,.,.,.,.,.,.,.,.,.,.,s1113,.,.,.,.,.,.,.,.,.,.,.,.,.,
I1093,.,.,.,.,.,.,.,.,r0,.,.,r0,.,r0,r0,r0,r0,.,r0,r0,r0,.,.,.,.,.,.,
I1094,.,.,.,.,.,.,.,.,r0,.,.,r0,.,r0,r0,r0,r0,.,r0,r0,r0,.,.,.,.,.,.,
I1095,.,.,.,.,.,.,.,.,.,.,.,.,.,.,.,s924,s925,.,s926,s927,s928,.,.,.,s1114,.,.,
I1096,.,.,.,.,.,.,.,.,.,.,r0,r0,.,r0,r0,r0,r0,.,r0,r0,r0,.,.,.,.,.,.,
I1097,.,.,.,.,.,.,.,.,.,.,r0,r0,.,r0,r0,r0,r0,.,r0,r0,r0,.,.,.,.,.,.,
I1098,.,.,.,.,.,.,.,.,.,.,.,.,.,.,.,s924,s925,.,s926,s927,s928,.,.,.,s1115,.,.,
I1099,.,.,.,.,.,.,.,.,.,.,r0,r0,.,r0,r0,r0,r0,.,r0,r0,r0,.,.,.,.,.,.,
I1100,.,.,.,.,.,.,.,.,.,.,.,.,.,s1116,.,.,.,.,.,.,.,.,.,.,.,.,.,
I1101,.,.,.,.,.,.,.,.,.,.,r0,r0,.,r0,r0,r0,r0,.,r0,r0,r0,.,.,.,.,.,.,
I1102,.,.,.,.,.,.,.,.,.,.,r0,r0,.,r0,r0,r0,r0,.,r0,r0,r0,.,.,.,.,.,.,
I1103,.,.,r0,.,.,r0,.,.,.,r0,.,r0,.,r0,r0,r0,r0,.,r0,r0,r0,.,.,.,.,.,.,
I1104,.,.,r0,.,.,r0,.,.,.,r0,.,r0,.,r0,r0,r0,r0,.,r0,r0,r0,.,.,.,.,.,.,
I1105,.,.,.,.,.,.,.,.,.,.,.,s1021,.,.,s1117,s693,s694,.,s695,s696,s697,.,.,.,s822,.,.,
I1106,r0,.,.,.,.,.,.,.,.,.,.,r0,.,r0,r0,r0,r0,.,r0,r0,r0,.,.,.,.,.,.,
I1107,r0,r0,r0,.,.,r0,.,r0,.,.,.,r0,.,r0,r0,r0,r0,.,r0,r0,r0,.,.,.,.,.,.,
I1108,r0,r0,r0,.,.,r0,.,r0,.,.,.,r0,.,r0,r0,r0,r0,.,r0,r0,r0,.,.,.,.,.,.,
I1109,.,.,.,r0,.,.,.,.,.,.,.,r0,.,r0,r0,r0,r0,.,r0,r0,r0,.,.,.,.,.,.,
I1110,.,.,.,.,.,.,r0,.,.,.,.,r0,.,r0,r0,r0,r0,.,r0,r0,r0,.,.,.,.,.,.,
I1111,.,.,.,.,.,.,.,.,.,.,.,s1089,.,.,s1118,s905,s906,.,s907,s908,s909,.,.,.,s991,.,.,
I1112,.,.,.,.,.,.,.,.,.,.,.,s1094,.,.,s1119,s905,s906,.,s907,s908,s909,.,.,.,s991,.,.,
I1113,.,.,.,.,.,.,.,.,.,.,.,.,.,.,.,s905,s906,.,s907,s908,s909,.,.,.,s1120,.,.,
I1114,.,.,.,.,.,.,.,.,.,.,.,s1097,.,.,s1121,s924,s925,.,s926,s927,s928,.,.,.,s1009,.,.,
I1115,.,.,.,.,.,.,.,.,.,.,.,s1102,.,.,s1122,s924,s925,.,s926,s927,s928,.,.,.,s1009,.,.,
I1116,.,.,.,.,.,.,.,.,.,.,.,.,.,.,.,s924,s925,.,s926,s927,s928,.,.,.,s1123,.,.,
I1117,.,.,r0,.,.,r0,.,.,.,r0,.,r0,.,r0,r0,r0,r0,.,r0,r0,r0,.,.,.,.,.,.,
I1118,.,.,.,.,.,.,.,.,r0,.,.,r0,.,r0,r0,r0,r0,.,r0,r0,r0,.,.,.,.,.,.,
I1119,.,.,.,.,.,.,.,.,r0,.,.,r0,.,r0,r0,r0,r0,.,r0,r0,r0,.,.,.,.,.,.,
I1120,.,.,.,.,.,.,.,.,.,.,.,s1089,.,.,s1124,s905,s906,.,s907,s908,s909,.,.,.,s991,.,.,
I1121,.,.,.,.,.,.,.,.,.,.,r0,r0,.,r0,r0,r0,r0,.,r0,r0,r0,.,.,.,.,.,.,
I1122,.,.,.,.,.,.,.,.,.,.,r0,r0,.,r0,r0,r0,r0,.,r0,r0,r0,.,.,.,.,.,.,
I1123,.,.,.,.,.,.,.,.,.,.,.,s1097,.,.,s1125,s924,s925,.,s926,s927,s928,.,.,.,s1009,.,.,
I1124,.,.,.,.,.,.,.,.,r0,.,.,r0,.,r0,r0,r0,r0,.,r0,r0,r0,.,.,.,.,.,.,
I1125,.,.,.,.,.,.,.,.,.,.,r0,r0,.,r0,r0,r0,r0,.,r0,r0,r0,.,.,.,.,.,.,